No.,Timestamp,Source,Destination,Protocol,Length,Info
1,0.007039,192.168.1.19,151.101.1.140,DNS,85,Standard query 0x1234 A google.com
2,0.052191,192.168.1.12,13.107.42.14,TCP,1458,54321 → 443 [ACK] Seq=1 Ack=1
3,0.071942,192.168.1.2,142.250.77.46,TCP,806,54321 → 443 [ACK] Seq=1 Ack=1
4,0.085636,192.168.1.2,13.107.42.14,TCP,1169,54321 → 443 [ACK] Seq=1 Ack=1
5,0.088181,192.168.1.10,151.101.1.140,HTTP,934,GET /index.html HTTP/1.1
6,0.090724,192.168.1.16,151.101.1.140,DNS,75,Standard query 0x1234 A google.com
7,0.091622,192.168.1.20,142.250.77.46,TLS,915,Application Data
8,0.121791,192.168.1.16,192.168.1.1,TCP,619,54321 → 443 [ACK] Seq=1 Ack=1
9,0.135577,192.168.1.10,8.8.8.8,UDP,157,12345 → 53 Len=60
10,0.154046,192.168.1.18,142.250.77.46,TCP,304,54321 → 443 [ACK] Seq=1 Ack=1
11,0.154358,192.168.1.1,192.168.1.1,TCP,985,54321 → 443 [ACK] Seq=1 Ack=1
12,0.206911,192.168.1.4,8.8.8.8,UDP,106,12345 → 53 Len=60
13,0.233707,192.168.1.14,192.168.1.1,TCP,1411,54321 → 443 [ACK] Seq=1 Ack=1
14,0.237288,192.168.1.5,8.8.8.8,TCP,488,54321 → 443 [ACK] Seq=1 Ack=1
15,0.240298,192.168.1.9,192.168.1.1,DNS,224,Standard query 0x1234 A google.com
16,0.243337,192.168.1.12,142.250.77.46,UDP,387,12345 → 53 Len=60
17,0.248778,192.168.1.13,151.101.1.140,TCP,1276,54321 → 443 [ACK] Seq=1 Ack=1
18,0.259937,192.168.1.12,151.101.1.140,UDP,70,12345 → 53 Len=60
19,0.26842,192.168.1.2,192.168.1.1,HTTP,303,GET /index.html HTTP/1.1
20,0.273584,192.168.1.13,151.101.1.140,TCP,737,54321 → 443 [ACK] Seq=1 Ack=1
21,0.287779,192.168.1.2,13.107.42.14,HTTP,698,GET /index.html HTTP/1.1
22,0.290033,192.168.1.19,151.101.1.140,DNS,92,Standard query 0x1234 A google.com
23,0.295215,192.168.1.18,151.101.1.140,TCP,1210,54321 → 443 [ACK] Seq=1 Ack=1
24,0.30206,192.168.1.7,192.168.1.1,TCP,474,54321 → 443 [ACK] Seq=1 Ack=1
25,0.311194,192.168.1.12,192.168.1.1,ICMP,44,Echo (ping) request
26,0.334263,192.168.1.18,13.107.42.14,TCP,1189,54321 → 443 [ACK] Seq=1 Ack=1
27,0.337604,192.168.1.10,13.107.42.14,TCP,478,54321 → 443 [ACK] Seq=1 Ack=1
28,0.348434,192.168.1.3,13.107.42.14,TCP,1254,54321 → 443 [ACK] Seq=1 Ack=1
29,0.361897,192.168.1.13,8.8.8.8,TLS,542,Application Data
30,0.36261,192.168.1.17,192.168.1.1,DNS,268,Standard query 0x1234 A google.com
31,0.37664,192.168.1.15,142.250.77.46,HTTP,677,GET /index.html HTTP/1.1
32,0.379445,192.168.1.18,13.107.42.14,HTTP,872,GET /index.html HTTP/1.1
33,0.380454,192.168.1.9,192.168.1.1,UDP,456,12345 → 53 Len=60
34,0.425059,192.168.1.20,13.107.42.14,ARP,30,Who has 192.168.1.1? Tell 192.168.1.5
35,0.475618,192.168.1.20,192.168.1.1,TCP,1274,54321 → 443 [ACK] Seq=1 Ack=1
36,0.500403,192.168.1.4,192.168.1.1,UDP,61,12345 → 53 Len=60
37,0.505853,192.168.1.5,8.8.8.8,TLS,667,Application Data
38,0.507394,192.168.1.4,151.101.1.140,DNS,279,Standard query 0x1234 A google.com
39,0.524685,192.168.1.13,13.107.42.14,TLS,396,Application Data
40,0.533387,192.168.1.12,8.8.8.8,UDP,126,12345 → 53 Len=60
41,0.535339,192.168.1.11,142.250.77.46,DNS,198,Standard query 0x1234 A google.com
42,0.545592,192.168.1.18,151.101.1.140,TCP,567,54321 → 443 [ACK] Seq=1 Ack=1
43,0.546117,192.168.1.12,151.101.1.140,TCP,411,54321 → 443 [ACK] Seq=1 Ack=1
44,0.582124,192.168.1.5,8.8.8.8,TCP,279,54321 → 443 [ACK] Seq=1 Ack=1
45,0.586615,192.168.1.7,8.8.8.8,TCP,1407,54321 → 443 [ACK] Seq=1 Ack=1
46,0.602909,192.168.1.20,142.250.77.46,TCP,106,54321 → 443 [ACK] Seq=1 Ack=1
47,0.608513,192.168.1.17,142.250.77.46,TCP,323,54321 → 443 [ACK] Seq=1 Ack=1
48,0.619524,192.168.1.13,192.168.1.1,TCP,84,54321 → 443 [ACK] Seq=1 Ack=1
49,0.631393,192.168.1.17,142.250.77.46,DNS,151,Standard query 0x1234 A google.com
50,0.634458,192.168.1.2,8.8.8.8,TCP,541,54321 → 443 [ACK] Seq=1 Ack=1
51,0.68685,192.168.1.2,151.101.1.140,TCP,1259,54321 → 443 [ACK] Seq=1 Ack=1
52,0.709234,192.168.1.2,151.101.1.140,TCP,717,54321 → 443 [ACK] Seq=1 Ack=1
53,0.751311,192.168.1.5,142.250.77.46,TCP,86,54321 → 443 [ACK] Seq=1 Ack=1
54,0.785093,192.168.1.11,8.8.8.8,ICMP,51,Echo (ping) request
55,0.798759,192.168.1.16,151.101.1.140,DNS,127,Standard query 0x1234 A google.com
56,0.837,192.168.1.17,151.101.1.140,DNS,73,Standard query 0x1234 A google.com
57,0.83839,192.168.1.15,13.107.42.14,TCP,313,54321 → 443 [ACK] Seq=1 Ack=1
58,0.841662,192.168.1.5,151.101.1.140,HTTP,1062,GET /index.html HTTP/1.1
59,0.842356,192.168.1.20,151.101.1.140,TCP,1131,54321 → 443 [ACK] Seq=1 Ack=1
60,0.848259,192.168.1.17,192.168.1.1,TCP,286,54321 → 443 [ACK] Seq=1 Ack=1
61,0.855641,192.168.1.5,13.107.42.14,ARP,39,Who has 192.168.1.1? Tell 192.168.1.5
62,0.86039,192.168.1.11,13.107.42.14,DNS,76,Standard query 0x1234 A google.com
63,0.886858,192.168.1.20,13.107.42.14,UDP,303,12345 → 53 Len=60
64,0.893476,192.168.1.11,192.168.1.1,DNS,174,Standard query 0x1234 A google.com
65,0.898423,192.168.1.6,192.168.1.1,TLS,841,Application Data
66,0.91016,192.168.1.13,8.8.8.8,HTTP,1251,GET /index.html HTTP/1.1
67,0.912438,192.168.1.20,192.168.1.1,TCP,1269,54321 → 443 [ACK] Seq=1 Ack=1
68,0.936745,192.168.1.10,151.101.1.140,TCP,277,54321 → 443 [ACK] Seq=1 Ack=1
69,0.937907,192.168.1.19,151.101.1.140,TCP,979,54321 → 443 [ACK] Seq=1 Ack=1
70,1.00292,192.168.1.11,192.168.1.1,TCP,1085,54321 → 443 [ACK] Seq=1 Ack=1
71,1.025112,192.168.1.17,151.101.1.140,TCP,507,54321 → 443 [ACK] Seq=1 Ack=1
72,1.028435,192.168.1.17,142.250.77.46,ICMP,79,Echo (ping) request
73,1.028518,192.168.1.18,192.168.1.1,TLS,188,Application Data
74,1.053866,192.168.1.16,192.168.1.1,TCP,1403,54321 → 443 [ACK] Seq=1 Ack=1
75,1.072273,192.168.1.19,13.107.42.14,DNS,193,Standard query 0x1234 A google.com
76,1.091858,192.168.1.10,142.250.77.46,TCP,671,54321 → 443 [ACK] Seq=1 Ack=1
77,1.113986,192.168.1.16,142.250.77.46,TLS,1038,Application Data
78,1.11514,192.168.1.1,13.107.42.14,UDP,389,12345 → 53 Len=60
79,1.121798,192.168.1.12,8.8.8.8,TCP,117,54321 → 443 [ACK] Seq=1 Ack=1
80,1.123646,192.168.1.11,192.168.1.1,TCP,178,54321 → 443 [ACK] Seq=1 Ack=1
81,1.153474,192.168.1.4,151.101.1.140,UDP,305,12345 → 53 Len=60
82,1.168118,192.168.1.14,192.168.1.1,TCP,876,54321 → 443 [ACK] Seq=1 Ack=1
83,1.174145,192.168.1.19,151.101.1.140,UDP,278,12345 → 53 Len=60
84,1.17513,192.168.1.10,8.8.8.8,TLS,321,Application Data
85,1.180718,192.168.1.1,151.101.1.140,TCP,1058,54321 → 443 [ACK] Seq=1 Ack=1
86,1.186617,192.168.1.20,192.168.1.1,TCP,962,54321 → 443 [ACK] Seq=1 Ack=1
87,1.206236,192.168.1.16,8.8.8.8,ARP,29,Who has 192.168.1.1? Tell 192.168.1.5
88,1.221459,192.168.1.9,192.168.1.1,UDP,101,12345 → 53 Len=60
89,1.254193,192.168.1.19,8.8.8.8,TCP,713,54321 → 443 [ACK] Seq=1 Ack=1
90,1.263779,192.168.1.19,13.107.42.14,TCP,1299,54321 → 443 [ACK] Seq=1 Ack=1
91,1.265689,192.168.1.8,192.168.1.1,TCP,357,54321 → 443 [ACK] Seq=1 Ack=1
92,1.284426,192.168.1.2,13.107.42.14,DNS,76,Standard query 0x1234 A google.com
93,1.305882,192.168.1.19,192.168.1.1,HTTP,458,GET /index.html HTTP/1.1
94,1.31824,192.168.1.16,192.168.1.1,UDP,200,12345 → 53 Len=60
95,1.340349,192.168.1.6,192.168.1.1,TCP,1332,54321 → 443 [ACK] Seq=1 Ack=1
96,1.350561,192.168.1.17,142.250.77.46,TCP,1350,54321 → 443 [ACK] Seq=1 Ack=1
97,1.361656,192.168.1.20,192.168.1.1,ARP,37,Who has 192.168.1.1? Tell 192.168.1.5
98,1.370023,192.168.1.13,192.168.1.1,UDP,340,12345 → 53 Len=60
99,1.37041,192.168.1.5,8.8.8.8,ARP,39,Who has 192.168.1.1? Tell 192.168.1.5
100,1.372122,192.168.1.8,142.250.77.46,TLS,765,Application Data
101,1.372218,192.168.1.2,8.8.8.8,TCP,834,54321 → 443 [ACK] Seq=1 Ack=1
102,1.375253,192.168.1.19,151.101.1.140,HTTP,1423,GET /index.html HTTP/1.1
103,1.376385,192.168.1.4,151.101.1.140,DNS,195,Standard query 0x1234 A google.com
104,1.378517,192.168.1.7,8.8.8.8,UDP,210,12345 → 53 Len=60
105,1.38566,192.168.1.1,151.101.1.140,TCP,983,54321 → 443 [ACK] Seq=1 Ack=1
106,1.386521,192.168.1.15,151.101.1.140,DNS,189,Standard query 0x1234 A google.com
107,1.388105,192.168.1.11,151.101.1.140,TCP,1293,54321 → 443 [ACK] Seq=1 Ack=1
108,1.392332,192.168.1.14,13.107.42.14,UDP,280,12345 → 53 Len=60
109,1.393111,192.168.1.5,8.8.8.8,UDP,110,12345 → 53 Len=60
110,1.393351,192.168.1.14,8.8.8.8,ICMP,84,Echo (ping) request
111,1.394378,192.168.1.7,142.250.77.46,TLS,334,Application Data
112,1.394905,192.168.1.14,8.8.8.8,TCP,1394,54321 → 443 [ACK] Seq=1 Ack=1
113,1.40287,192.168.1.17,13.107.42.14,UDP,393,12345 → 53 Len=60
114,1.407823,192.168.1.20,13.107.42.14,TCP,1183,54321 → 443 [ACK] Seq=1 Ack=1
115,1.410833,192.168.1.16,13.107.42.14,TLS,540,Application Data
116,1.416988,192.168.1.2,8.8.8.8,TLS,980,Application Data
117,1.421872,192.168.1.5,142.250.77.46,TCP,978,54321 → 443 [ACK] Seq=1 Ack=1
118,1.422491,192.168.1.17,8.8.8.8,DNS,287,Standard query 0x1234 A google.com
119,1.429184,192.168.1.7,192.168.1.1,DNS,118,Standard query 0x1234 A google.com
120,1.431509,192.168.1.18,151.101.1.140,TCP,901,54321 → 443 [ACK] Seq=1 Ack=1
121,1.436451,192.168.1.11,13.107.42.14,HTTP,894,GET /index.html HTTP/1.1
122,1.443244,192.168.1.16,142.250.77.46,UDP,483,12345 → 53 Len=60
123,1.444392,192.168.1.17,8.8.8.8,HTTP,1128,GET /index.html HTTP/1.1
124,1.444742,192.168.1.13,192.168.1.1,UDP,264,12345 → 53 Len=60
125,1.445518,192.168.1.11,8.8.8.8,TCP,905,54321 → 443 [ACK] Seq=1 Ack=1
126,1.447189,192.168.1.6,142.250.77.46,TCP,248,54321 → 443 [ACK] Seq=1 Ack=1
127,1.4523,192.168.1.15,142.250.77.46,TCP,694,54321 → 443 [ACK] Seq=1 Ack=1
128,1.458214,192.168.1.18,142.250.77.46,ICMP,67,Echo (ping) request
129,1.458235,192.168.1.11,192.168.1.1,TLS,740,Application Data
130,1.46038,192.168.1.18,192.168.1.1,TLS,622,Application Data
131,1.462001,192.168.1.12,151.101.1.140,TCP,820,54321 → 443 [ACK] Seq=1 Ack=1
132,1.462754,192.168.1.9,151.101.1.140,TCP,366,54321 → 443 [ACK] Seq=1 Ack=1
133,1.463137,192.168.1.20,8.8.8.8,TLS,1071,Application Data
134,1.464373,192.168.1.16,13.107.42.14,ICMP,44,Echo (ping) request
135,1.472962,192.168.1.7,151.101.1.140,TCP,240,54321 → 443 [ACK] Seq=1 Ack=1
136,1.474134,192.168.1.8,8.8.8.8,UDP,485,12345 → 53 Len=60
137,1.476328,192.168.1.9,142.250.77.46,TCP,228,54321 → 443 [ACK] Seq=1 Ack=1
138,1.47997,192.168.1.18,142.250.77.46,HTTP,390,GET /index.html HTTP/1.1
139,1.481326,192.168.1.10,151.101.1.140,HTTP,1084,GET /index.html HTTP/1.1
140,1.49203,192.168.1.8,192.168.1.1,TCP,251,54321 → 443 [ACK] Seq=1 Ack=1
141,1.501876,192.168.1.10,151.101.1.140,UDP,441,12345 → 53 Len=60
142,1.502746,192.168.1.10,13.107.42.14,UDP,438,12345 → 53 Len=60
143,1.504809,192.168.1.7,142.250.77.46,TCP,817,54321 → 443 [ACK] Seq=1 Ack=1
144,1.505882,192.168.1.16,192.168.1.1,TLS,366,Application Data
145,1.506888,192.168.1.11,8.8.8.8,UDP,344,12345 → 53 Len=60
146,1.507001,192.168.1.16,8.8.8.8,TCP,176,54321 → 443 [ACK] Seq=1 Ack=1
147,1.509822,192.168.1.12,151.101.1.140,UDP,360,12345 → 53 Len=60
148,1.511918,192.168.1.18,142.250.77.46,HTTP,1350,GET /index.html HTTP/1.1
149,1.512077,192.168.1.9,13.107.42.14,TCP,1204,54321 → 443 [ACK] Seq=1 Ack=1
150,1.513056,192.168.1.10,151.101.1.140,TCP,729,54321 → 443 [ACK] Seq=1 Ack=1
151,1.520223,192.168.1.4,142.250.77.46,ARP,38,Who has 192.168.1.1? Tell 192.168.1.5
152,1.521045,192.168.1.19,151.101.1.140,DNS,91,Standard query 0x1234 A google.com
153,1.521514,192.168.1.18,142.250.77.46,UDP,270,12345 → 53 Len=60
154,1.523531,192.168.1.13,151.101.1.140,UDP,241,12345 → 53 Len=60
155,1.536263,192.168.1.13,151.101.1.140,TCP,1416,54321 → 443 [ACK] Seq=1 Ack=1
156,1.537095,192.168.1.12,142.250.77.46,TCP,920,54321 → 443 [ACK] Seq=1 Ack=1
157,1.54044,192.168.1.5,192.168.1.1,TCP,159,54321 → 443 [ACK] Seq=1 Ack=1
158,1.544742,192.168.1.10,8.8.8.8,UDP,207,12345 → 53 Len=60
159,1.545556,192.168.1.2,192.168.1.1,TCP,1283,54321 → 443 [ACK] Seq=1 Ack=1
160,1.549464,192.168.1.10,192.168.1.1,TCP,693,54321 → 443 [ACK] Seq=1 Ack=1
161,1.55084,192.168.1.3,142.250.77.46,TCP,774,54321 → 443 [ACK] Seq=1 Ack=1
162,1.553841,192.168.1.12,151.101.1.140,DNS,86,Standard query 0x1234 A google.com
163,1.556853,192.168.1.15,8.8.8.8,TCP,1237,54321 → 443 [ACK] Seq=1 Ack=1
164,1.559155,192.168.1.9,142.250.77.46,TLS,1139,Application Data
165,1.559439,192.168.1.16,151.101.1.140,TLS,535,Application Data
166,1.56485,192.168.1.7,151.101.1.140,TCP,370,54321 → 443 [ACK] Seq=1 Ack=1
167,1.56601,192.168.1.7,151.101.1.140,TCP,1398,54321 → 443 [ACK] Seq=1 Ack=1
168,1.566629,192.168.1.18,142.250.77.46,DNS,183,Standard query 0x1234 A google.com
169,1.566754,192.168.1.9,142.250.77.46,TCP,513,54321 → 443 [ACK] Seq=1 Ack=1
170,1.569435,192.168.1.18,142.250.77.46,TCP,275,54321 → 443 [ACK] Seq=1 Ack=1
171,1.572831,192.168.1.9,151.101.1.140,ICMP,62,Echo (ping) request
172,1.572881,192.168.1.5,8.8.8.8,UDP,492,12345 → 53 Len=60
173,1.575034,192.168.1.4,192.168.1.1,UDP,344,12345 → 53 Len=60
174,1.575805,192.168.1.20,8.8.8.8,HTTP,952,GET /index.html HTTP/1.1
175,1.578913,192.168.1.19,142.250.77.46,HTTP,435,GET /index.html HTTP/1.1
176,1.579488,192.168.1.8,142.250.77.46,TCP,624,54321 → 443 [ACK] Seq=1 Ack=1
177,1.58301,192.168.1.8,142.250.77.46,TCP,1229,54321 → 443 [ACK] Seq=1 Ack=1
178,1.584477,192.168.1.2,192.168.1.1,UDP,175,12345 → 53 Len=60
179,1.592758,192.168.1.17,13.107.42.14,UDP,473,12345 → 53 Len=60
180,1.593202,192.168.1.8,13.107.42.14,UDP,279,12345 → 53 Len=60
181,1.594454,192.168.1.8,8.8.8.8,HTTP,1348,GET /index.html HTTP/1.1
182,1.594815,192.168.1.2,13.107.42.14,DNS,256,Standard query 0x1234 A google.com
183,1.602573,192.168.1.4,192.168.1.1,ARP,41,Who has 192.168.1.1? Tell 192.168.1.5
184,1.608868,192.168.1.14,8.8.8.8,TCP,1327,54321 → 443 [ACK] Seq=1 Ack=1
185,1.609763,192.168.1.11,13.107.42.14,UDP,374,12345 → 53 Len=60
186,1.613,192.168.1.16,8.8.8.8,TCP,1436,54321 → 443 [ACK] Seq=1 Ack=1
187,1.618098,192.168.1.4,142.250.77.46,TLS,1416,Application Data
188,1.620529,192.168.1.5,192.168.1.1,TCP,1194,54321 → 443 [ACK] Seq=1 Ack=1
189,1.622791,192.168.1.1,192.168.1.1,TCP,107,54321 → 443 [ACK] Seq=1 Ack=1
190,1.623622,192.168.1.18,142.250.77.46,UDP,371,12345 → 53 Len=60
191,1.623915,192.168.1.6,142.250.77.46,UDP,396,12345 → 53 Len=60
192,1.630741,192.168.1.14,151.101.1.140,TCP,601,54321 → 443 [ACK] Seq=1 Ack=1
193,1.637661,192.168.1.16,151.101.1.140,TCP,113,54321 → 443 [ACK] Seq=1 Ack=1
194,1.640669,192.168.1.16,13.107.42.14,ICMP,51,Echo (ping) request
195,1.641911,192.168.1.7,13.107.42.14,UDP,199,12345 → 53 Len=60
196,1.6432,192.168.1.10,151.101.1.140,TLS,732,Application Data
197,1.647083,192.168.1.11,13.107.42.14,UDP,233,12345 → 53 Len=60
198,1.653905,192.168.1.10,8.8.8.8,TCP,772,54321 → 443 [ACK] Seq=1 Ack=1
199,1.660449,192.168.1.2,8.8.8.8,ARP,28,Who has 192.168.1.1? Tell 192.168.1.5
200,1.66499,192.168.1.3,8.8.8.8,TLS,471,Application Data
201,1.747174,192.168.1.19,192.168.1.1,ICMP,49,Echo (ping) request
202,1.754206,192.168.1.8,192.168.1.1,ICMP,76,Echo (ping) request
203,1.768309,192.168.1.18,8.8.8.8,TLS,1446,Application Data
204,1.951368,192.168.1.2,142.250.77.46,TCP,874,54321 → 443 [ACK] Seq=1 Ack=1
205,2.025967,192.168.1.6,13.107.42.14,UDP,95,12345 → 53 Len=60
206,2.026706,192.168.1.14,151.101.1.140,TCP,344,54321 → 443 [ACK] Seq=1 Ack=1
207,2.035266,192.168.1.6,151.101.1.140,UDP,439,12345 → 53 Len=60
208,2.122399,192.168.1.2,151.101.1.140,TCP,1350,54321 → 443 [ACK] Seq=1 Ack=1
209,2.122805,192.168.1.13,142.250.77.46,TCP,116,54321 → 443 [ACK] Seq=1 Ack=1
210,2.13683,192.168.1.16,13.107.42.14,ARP,29,Who has 192.168.1.1? Tell 192.168.1.5
211,2.200486,192.168.1.6,192.168.1.1,TCP,1140,54321 → 443 [ACK] Seq=1 Ack=1
212,2.294671,192.168.1.10,142.250.77.46,HTTP,640,GET /index.html HTTP/1.1
213,2.379107,192.168.1.2,142.250.77.46,UDP,252,12345 → 53 Len=60
214,2.399423,192.168.1.1,192.168.1.1,UDP,274,12345 → 53 Len=60
215,2.499056,192.168.1.10,8.8.8.8,ICMP,69,Echo (ping) request
216,2.520722,192.168.1.19,151.101.1.140,ARP,33,Who has 192.168.1.1? Tell 192.168.1.5
217,2.552213,192.168.1.20,8.8.8.8,UDP,140,12345 → 53 Len=60
218,2.662001,192.168.1.4,151.101.1.140,DNS,154,Standard query 0x1234 A google.com
219,2.745903,192.168.1.11,151.101.1.140,TCP,692,54321 → 443 [ACK] Seq=1 Ack=1
220,2.89726,192.168.1.10,8.8.8.8,TCP,718,54321 → 443 [ACK] Seq=1 Ack=1
221,2.983005,192.168.1.15,8.8.8.8,ICMP,76,Echo (ping) request
222,3.050208,192.168.1.18,8.8.8.8,UDP,365,12345 → 53 Len=60
223,3.058077,192.168.1.17,8.8.8.8,UDP,103,12345 → 53 Len=60
224,3.09475,192.168.1.16,13.107.42.14,HTTP,307,GET /index.html HTTP/1.1
225,3.119403,192.168.1.5,142.250.77.46,TCP,372,54321 → 443 [ACK] Seq=1 Ack=1
226,3.141779,192.168.1.17,13.107.42.14,UDP,140,12345 → 53 Len=60
227,3.430764,192.168.1.15,192.168.1.1,UDP,446,12345 → 53 Len=60
228,3.470715,192.168.1.9,142.250.77.46,TLS,1365,Application Data
229,3.648799,192.168.1.7,142.250.77.46,TCP,155,54321 → 443 [ACK] Seq=1 Ack=1
230,3.728586,192.168.1.4,151.101.1.140,ICMP,83,Echo (ping) request
231,3.855292,192.168.1.11,192.168.1.1,TCP,221,54321 → 443 [ACK] Seq=1 Ack=1
232,3.911167,192.168.1.6,151.101.1.140,TCP,611,54321 → 443 [ACK] Seq=1 Ack=1
233,3.979979,192.168.1.15,8.8.8.8,UDP,286,12345 → 53 Len=60
234,4.034243,192.168.1.9,192.168.1.1,DNS,229,Standard query 0x1234 A google.com
235,4.05162,192.168.1.6,142.250.77.46,TCP,922,54321 → 443 [ACK] Seq=1 Ack=1
236,4.154161,192.168.1.1,13.107.42.14,TCP,1048,54321 → 443 [ACK] Seq=1 Ack=1
237,4.180527,192.168.1.11,13.107.42.14,TLS,1343,Application Data
238,4.182496,192.168.1.10,142.250.77.46,TCP,959,54321 → 443 [ACK] Seq=1 Ack=1
239,4.265454,192.168.1.19,192.168.1.1,UDP,272,12345 → 53 Len=60
240,4.281049,192.168.1.7,151.101.1.140,DNS,129,Standard query 0x1234 A google.com
241,4.506735,192.168.1.6,13.107.42.14,UDP,170,12345 → 53 Len=60
242,4.75294,192.168.1.20,13.107.42.14,UDP,446,12345 → 53 Len=60
243,4.950021,192.168.1.13,8.8.8.8,UDP,322,12345 → 53 Len=60
244,4.987004,192.168.1.14,192.168.1.1,ICMP,47,Echo (ping) request
245,4.98825,192.168.1.17,8.8.8.8,TCP,760,54321 → 443 [ACK] Seq=1 Ack=1
246,5.199092,192.168.1.11,8.8.8.8,DNS,170,Standard query 0x1234 A google.com
247,5.243807,192.168.1.3,151.101.1.140,TCP,281,54321 → 443 [ACK] Seq=1 Ack=1
248,5.515875,192.168.1.13,192.168.1.1,TCP,634,54321 → 443 [ACK] Seq=1 Ack=1
249,5.780973,192.168.1.4,151.101.1.140,DNS,233,Standard query 0x1234 A google.com
250,5.934364,192.168.1.6,8.8.8.8,TCP,1443,54321 → 443 [ACK] Seq=1 Ack=1
251,5.962266,192.168.1.5,151.101.1.140,TCP,1268,54321 → 443 [ACK] Seq=1 Ack=1
252,6.00117,192.168.1.16,8.8.8.8,HTTP,1196,GET /index.html HTTP/1.1
253,6.153548,192.168.1.11,192.168.1.1,TCP,1133,54321 → 443 [ACK] Seq=1 Ack=1
254,6.18404,192.168.1.8,8.8.8.8,UDP,401,12345 → 53 Len=60
255,6.198897,192.168.1.1,8.8.8.8,ARP,32,Who has 192.168.1.1? Tell 192.168.1.5
256,6.263996,192.168.1.9,142.250.77.46,ARP,28,Who has 192.168.1.1? Tell 192.168.1.5
257,6.4841,192.168.1.13,192.168.1.1,TCP,505,54321 → 443 [ACK] Seq=1 Ack=1
258,6.579366,192.168.1.8,8.8.8.8,TCP,863,54321 → 443 [ACK] Seq=1 Ack=1
259,6.646895,192.168.1.15,192.168.1.1,TCP,1281,54321 → 443 [ACK] Seq=1 Ack=1
260,6.655073,192.168.1.9,8.8.8.8,ICMP,43,Echo (ping) request
261,6.731435,192.168.1.11,192.168.1.1,TLS,115,Application Data
262,7.100281,192.168.1.10,151.101.1.140,TLS,518,Application Data
263,7.112355,192.168.1.19,151.101.1.140,TCP,671,54321 → 443 [ACK] Seq=1 Ack=1
264,7.170794,192.168.1.19,142.250.77.46,TCP,486,54321 → 443 [ACK] Seq=1 Ack=1
265,7.338683,192.168.1.1,142.250.77.46,TLS,381,Application Data
266,7.446686,192.168.1.9,192.168.1.1,DNS,255,Standard query 0x1234 A google.com
267,7.542212,192.168.1.12,142.250.77.46,DNS,125,Standard query 0x1234 A google.com
268,7.639195,192.168.1.8,192.168.1.1,ARP,32,Who has 192.168.1.1? Tell 192.168.1.5
269,7.674834,192.168.1.2,13.107.42.14,DNS,143,Standard query 0x1234 A google.com
270,7.702639,192.168.1.4,8.8.8.8,TCP,299,54321 → 443 [ACK] Seq=1 Ack=1
271,7.835229,192.168.1.15,151.101.1.140,HTTP,215,GET /index.html HTTP/1.1
272,7.968135,192.168.1.10,8.8.8.8,TCP,1072,54321 → 443 [ACK] Seq=1 Ack=1
273,8.129571,192.168.1.6,142.250.77.46,DNS,251,Standard query 0x1234 A google.com
274,8.32514,192.168.1.13,13.107.42.14,ICMP,67,Echo (ping) request
275,8.382428,192.168.1.17,8.8.8.8,TCP,413,54321 → 443 [ACK] Seq=1 Ack=1
276,8.438123,192.168.1.10,13.107.42.14,TCP,318,54321 → 443 [ACK] Seq=1 Ack=1
277,8.566199,192.168.1.4,192.168.1.1,TCP,832,54321 → 443 [ACK] Seq=1 Ack=1
278,8.650176,192.168.1.10,192.168.1.1,UDP,332,12345 → 53 Len=60
279,8.74702,192.168.1.12,151.101.1.140,TCP,525,54321 → 443 [ACK] Seq=1 Ack=1
280,8.87411,192.168.1.20,142.250.77.46,DNS,188,Standard query 0x1234 A google.com
281,9.050696,192.168.1.8,8.8.8.8,DNS,203,Standard query 0x1234 A google.com
282,9.083694,192.168.1.8,13.107.42.14,TCP,1422,54321 → 443 [ACK] Seq=1 Ack=1
283,9.121369,192.168.1.5,142.250.77.46,DNS,266,Standard query 0x1234 A google.com
284,9.129265,192.168.1.16,142.250.77.46,TCP,779,54321 → 443 [ACK] Seq=1 Ack=1
285,9.198338,192.168.1.5,151.101.1.140,UDP,96,12345 → 53 Len=60
286,9.201266,192.168.1.15,151.101.1.140,TLS,913,Application Data
287,9.251395,192.168.1.20,142.250.77.46,TLS,186,Application Data
288,9.313978,192.168.1.12,142.250.77.46,TCP,947,54321 → 443 [ACK] Seq=1 Ack=1
289,9.340989,192.168.1.14,192.168.1.1,UDP,69,12345 → 53 Len=60
290,9.412479,192.168.1.18,192.168.1.1,TCP,995,54321 → 443 [ACK] Seq=1 Ack=1
291,9.414957,192.168.1.16,151.101.1.140,TCP,213,54321 → 443 [ACK] Seq=1 Ack=1
292,9.418003,192.168.1.18,151.101.1.140,HTTP,841,GET /index.html HTTP/1.1
293,9.556351,192.168.1.7,13.107.42.14,DNS,207,Standard query 0x1234 A google.com
294,9.592077,192.168.1.8,151.101.1.140,TCP,933,54321 → 443 [ACK] Seq=1 Ack=1
295,9.602949,192.168.1.20,8.8.8.8,HTTP,1374,GET /index.html HTTP/1.1
296,9.662041,192.168.1.3,192.168.1.1,UDP,267,12345 → 53 Len=60
297,9.779613,192.168.1.17,8.8.8.8,UDP,423,12345 → 53 Len=60
298,9.799062,192.168.1.15,13.107.42.14,TCP,1365,54321 → 443 [ACK] Seq=1 Ack=1
299,9.87708,192.168.1.17,151.101.1.140,TCP,909,54321 → 443 [ACK] Seq=1 Ack=1
300,9.884217,192.168.1.12,151.101.1.140,TLS,692,Application Data
301,9.885013,192.168.1.3,8.8.8.8,TLS,335,Application Data
302,9.896381,192.168.1.19,142.250.77.46,UDP,267,12345 → 53 Len=60
303,9.90805,192.168.1.4,151.101.1.140,TLS,142,Application Data
304,9.923268,192.168.1.2,142.250.77.46,UDP,226,12345 → 53 Len=60
305,9.942692,192.168.1.18,151.101.1.140,TCP,405,54321 → 443 [ACK] Seq=1 Ack=1
306,9.998546,192.168.1.17,142.250.77.46,TCP,1319,54321 → 443 [ACK] Seq=1 Ack=1
307,10.00944,192.168.1.7,142.250.77.46,TCP,996,54321 → 443 [ACK] Seq=1 Ack=1
308,10.01529,192.168.1.19,192.168.1.1,TLS,841,Application Data
309,10.039075,192.168.1.18,13.107.42.14,HTTP,380,GET /index.html HTTP/1.1
310,10.043813,192.168.1.5,192.168.1.1,TLS,994,Application Data
311,10.052483,192.168.1.6,192.168.1.1,TLS,316,Application Data
312,10.053708,192.168.1.11,8.8.8.8,TCP,552,54321 → 443 [ACK] Seq=1 Ack=1
313,10.054093,192.168.1.17,142.250.77.46,TCP,946,54321 → 443 [ACK] Seq=1 Ack=1
314,10.103404,192.168.1.15,8.8.8.8,TCP,1260,54321 → 443 [ACK] Seq=1 Ack=1
315,10.130521,192.168.1.4,142.250.77.46,HTTP,1020,GET /index.html HTTP/1.1
316,10.14838,192.168.1.7,192.168.1.1,TLS,1173,Application Data
317,10.156268,192.168.1.19,13.107.42.14,UDP,100,12345 → 53 Len=60
318,10.159123,192.168.1.16,192.168.1.1,DNS,161,Standard query 0x1234 A google.com
319,10.161675,192.168.1.3,13.107.42.14,TCP,689,54321 → 443 [ACK] Seq=1 Ack=1
320,10.165995,192.168.1.17,151.101.1.140,ICMP,61,Echo (ping) request
321,10.177947,192.168.1.15,13.107.42.14,TLS,553,Application Data
322,10.196754,192.168.1.2,13.107.42.14,ARP,33,Who has 192.168.1.1? Tell 192.168.1.5
323,10.212945,192.168.1.15,151.101.1.140,HTTP,544,GET /index.html HTTP/1.1
324,10.217871,192.168.1.5,142.250.77.46,TLS,256,Application Data
325,10.264343,192.168.1.17,13.107.42.14,TCP,1099,54321 → 443 [ACK] Seq=1 Ack=1
326,10.284428,192.168.1.14,8.8.8.8,HTTP,433,GET /index.html HTTP/1.1
327,10.296552,192.168.1.15,151.101.1.140,TCP,1140,54321 → 443 [ACK] Seq=1 Ack=1
328,10.310742,192.168.1.19,8.8.8.8,ICMP,72,Echo (ping) request
329,10.318903,192.168.1.2,142.250.77.46,HTTP,597,GET /index.html HTTP/1.1
330,10.323173,192.168.1.18,192.168.1.1,TLS,815,Application Data
331,10.329773,192.168.1.15,192.168.1.1,HTTP,919,GET /index.html HTTP/1.1
332,10.351045,192.168.1.10,142.250.77.46,TCP,1375,54321 → 443 [ACK] Seq=1 Ack=1
333,10.351263,192.168.1.1,192.168.1.1,HTTP,502,GET /index.html HTTP/1.1
334,10.353114,192.168.1.13,142.250.77.46,TCP,537,54321 → 443 [ACK] Seq=1 Ack=1
335,10.35382,192.168.1.9,13.107.42.14,TLS,310,Application Data
336,10.354444,192.168.1.1,142.250.77.46,TLS,399,Application Data
337,10.383457,192.168.1.7,192.168.1.1,TCP,578,54321 → 443 [ACK] Seq=1 Ack=1
338,10.4017,192.168.1.19,8.8.8.8,HTTP,604,GET /index.html HTTP/1.1
339,10.411342,192.168.1.3,151.101.1.140,UDP,148,12345 → 53 Len=60
340,10.412887,192.168.1.2,8.8.8.8,TCP,1287,54321 → 443 [ACK] Seq=1 Ack=1
341,10.423034,192.168.1.14,8.8.8.8,HTTP,513,GET /index.html HTTP/1.1
342,10.432656,192.168.1.12,13.107.42.14,TCP,1396,54321 → 443 [ACK] Seq=1 Ack=1
343,10.435509,192.168.1.3,142.250.77.46,TCP,208,54321 → 443 [ACK] Seq=1 Ack=1
344,10.444042,192.168.1.18,8.8.8.8,TCP,416,54321 → 443 [ACK] Seq=1 Ack=1
345,10.451668,192.168.1.2,142.250.77.46,TCP,1340,54321 → 443 [ACK] Seq=1 Ack=1
346,10.466018,192.168.1.3,151.101.1.140,TLS,1111,Application Data
347,10.48114,192.168.1.16,13.107.42.14,ICMP,69,Echo (ping) request
348,10.481836,192.168.1.2,13.107.42.14,TCP,1208,54321 → 443 [ACK] Seq=1 Ack=1
349,10.488876,192.168.1.10,192.168.1.1,DNS,254,Standard query 0x1234 A google.com
350,10.503623,192.168.1.14,8.8.8.8,TCP,1240,54321 → 443 [ACK] Seq=1 Ack=1
351,10.514115,192.168.1.6,192.168.1.1,ARP,35,Who has 192.168.1.1? Tell 192.168.1.5
352,10.543235,192.168.1.5,142.250.77.46,UDP,408,12345 → 53 Len=60
353,10.55936,192.168.1.14,151.101.1.140,ICMP,76,Echo (ping) request
354,10.562027,192.168.1.12,151.101.1.140,TCP,1370,54321 → 443 [ACK] Seq=1 Ack=1
355,10.563125,192.168.1.13,142.250.77.46,ARP,38,Who has 192.168.1.1? Tell 192.168.1.5
356,10.578551,192.168.1.15,192.168.1.1,TCP,1333,54321 → 443 [ACK] Seq=1 Ack=1
357,10.578954,192.168.1.13,8.8.8.8,ICMP,60,Echo (ping) request
358,10.592174,192.168.1.13,151.101.1.140,TCP,1338,54321 → 443 [ACK] Seq=1 Ack=1
359,10.634433,192.168.1.3,192.168.1.1,TCP,701,54321 → 443 [ACK] Seq=1 Ack=1
360,10.647285,192.168.1.18,142.250.77.46,UDP,137,12345 → 53 Len=60
361,10.654654,192.168.1.5,8.8.8.8,HTTP,1100,GET /index.html HTTP/1.1
362,10.670117,192.168.1.12,142.250.77.46,TCP,193,54321 → 443 [ACK] Seq=1 Ack=1
363,10.679311,192.168.1.4,192.168.1.1,DNS,180,Standard query 0x1234 A google.com
364,10.691143,192.168.1.6,8.8.8.8,UDP,286,12345 → 53 Len=60
365,10.733715,192.168.1.18,192.168.1.1,TCP,1347,54321 → 443 [ACK] Seq=1 Ack=1
366,10.741034,192.168.1.13,192.168.1.1,UDP,215,12345 → 53 Len=60
367,10.789771,192.168.1.17,13.107.42.14,TCP,616,54321 → 443 [ACK] Seq=1 Ack=1
368,10.825134,192.168.1.5,13.107.42.14,DNS,211,Standard query 0x1234 A google.com
369,10.828403,192.168.1.8,8.8.8.8,TCP,169,54321 → 443 [ACK] Seq=1 Ack=1
370,10.829481,192.168.1.1,8.8.8.8,ICMP,62,Echo (ping) request
371,10.831074,192.168.1.1,151.101.1.140,UDP,319,12345 → 53 Len=60
372,10.83135,192.168.1.10,8.8.8.8,DNS,78,Standard query 0x1234 A google.com
373,10.832838,192.168.1.15,8.8.8.8,HTTP,835,GET /index.html HTTP/1.1
374,10.850071,192.168.1.18,151.101.1.140,DNS,178,Standard query 0x1234 A google.com
375,10.851179,192.168.1.14,142.250.77.46,TCP,979,54321 → 443 [ACK] Seq=1 Ack=1
376,10.856941,192.168.1.18,8.8.8.8,TCP,131,54321 → 443 [ACK] Seq=1 Ack=1
377,10.884894,192.168.1.13,13.107.42.14,DNS,74,Standard query 0x1234 A google.com
378,10.885248,192.168.1.8,151.101.1.140,TCP,809,54321 → 443 [ACK] Seq=1 Ack=1
379,10.910515,192.168.1.8,192.168.1.1,TCP,641,54321 → 443 [ACK] Seq=1 Ack=1
380,10.915482,192.168.1.15,8.8.8.8,TLS,257,Application Data
381,10.917368,192.168.1.12,13.107.42.14,DNS,225,Standard query 0x1234 A google.com
382,10.935265,192.168.1.5,192.168.1.1,TCP,238,54321 → 443 [ACK] Seq=1 Ack=1
383,10.950136,192.168.1.9,8.8.8.8,TCP,1313,54321 → 443 [ACK] Seq=1 Ack=1
384,10.981628,192.168.1.7,192.168.1.1,UDP,364,12345 → 53 Len=60
385,11.001552,192.168.1.4,8.8.8.8,UDP,319,12345 → 53 Len=60
386,11.025957,192.168.1.2,151.101.1.140,TCP,841,54321 → 443 [ACK] Seq=1 Ack=1
387,11.030927,192.168.1.14,192.168.1.1,TCP,1001,54321 → 443 [ACK] Seq=1 Ack=1
388,11.033857,192.168.1.20,8.8.8.8,UDP,357,12345 → 53 Len=60
389,11.054688,192.168.1.1,192.168.1.1,ICMP,75,Echo (ping) request
390,11.079351,192.168.1.8,192.168.1.1,DNS,262,Standard query 0x1234 A google.com
391,11.149206,192.168.1.7,8.8.8.8,TLS,184,Application Data
392,11.157188,192.168.1.3,192.168.1.1,DNS,175,Standard query 0x1234 A google.com
393,11.164166,192.168.1.4,8.8.8.8,TCP,1224,54321 → 443 [ACK] Seq=1 Ack=1
394,11.186636,192.168.1.20,192.168.1.1,UDP,393,12345 → 53 Len=60
395,11.192887,192.168.1.2,13.107.42.14,TCP,439,54321 → 443 [ACK] Seq=1 Ack=1
396,11.232939,192.168.1.15,151.101.1.140,TCP,712,54321 → 443 [ACK] Seq=1 Ack=1
397,11.262261,192.168.1.20,13.107.42.14,UDP,369,12345 → 53 Len=60
398,11.270667,192.168.1.2,142.250.77.46,UDP,303,12345 → 53 Len=60
399,11.291513,192.168.1.8,13.107.42.14,DNS,188,Standard query 0x1234 A google.com
400,11.312583,192.168.1.2,142.250.77.46,UDP,137,12345 → 53 Len=60
401,11.312909,192.168.1.13,192.168.1.1,UDP,91,12345 → 53 Len=60
402,11.319895,192.168.1.15,142.250.77.46,TCP,976,54321 → 443 [ACK] Seq=1 Ack=1
403,11.322006,192.168.1.8,13.107.42.14,UDP,112,12345 → 53 Len=60
404,11.32726,192.168.1.18,8.8.8.8,TLS,803,Application Data
405,11.328417,192.168.1.7,151.101.1.140,HTTP,372,GET /index.html HTTP/1.1
406,11.335193,192.168.1.2,151.101.1.140,TCP,1087,54321 → 443 [ACK] Seq=1 Ack=1
407,11.336672,192.168.1.5,151.101.1.140,TCP,1377,54321 → 443 [ACK] Seq=1 Ack=1
408,11.336705,192.168.1.17,13.107.42.14,UDP,148,12345 → 53 Len=60
409,11.343779,192.168.1.10,192.168.1.1,DNS,70,Standard query 0x1234 A google.com
410,11.344066,192.168.1.8,13.107.42.14,TCP,561,54321 → 443 [ACK] Seq=1 Ack=1
411,11.34522,192.168.1.19,8.8.8.8,HTTP,1096,GET /index.html HTTP/1.1
412,11.354211,192.168.1.11,142.250.77.46,HTTP,1099,GET /index.html HTTP/1.1
413,11.363235,192.168.1.19,13.107.42.14,DNS,194,Standard query 0x1234 A google.com
414,11.365791,192.168.1.20,151.101.1.140,TCP,1124,54321 → 443 [ACK] Seq=1 Ack=1
415,11.368788,192.168.1.11,151.101.1.140,TCP,1302,54321 → 443 [ACK] Seq=1 Ack=1
416,11.370573,192.168.1.8,142.250.77.46,TCP,379,54321 → 443 [ACK] Seq=1 Ack=1
417,11.371614,192.168.1.10,192.168.1.1,TCP,799,54321 → 443 [ACK] Seq=1 Ack=1
418,11.37281,192.168.1.5,13.107.42.14,UDP,250,12345 → 53 Len=60
419,11.376159,192.168.1.17,8.8.8.8,TLS,679,Application Data
420,11.380346,192.168.1.8,142.250.77.46,TCP,847,54321 → 443 [ACK] Seq=1 Ack=1
421,11.385051,192.168.1.14,151.101.1.140,UDP,269,12345 → 53 Len=60
422,11.389728,192.168.1.10,13.107.42.14,DNS,258,Standard query 0x1234 A google.com
423,11.390014,192.168.1.9,151.101.1.140,TCP,746,54321 → 443 [ACK] Seq=1 Ack=1
424,11.392061,192.168.1.2,142.250.77.46,DNS,233,Standard query 0x1234 A google.com
425,11.392238,192.168.1.18,13.107.42.14,UDP,366,12345 → 53 Len=60
426,11.394631,192.168.1.19,142.250.77.46,TCP,161,54321 → 443 [ACK] Seq=1 Ack=1
427,11.396378,192.168.1.6,142.250.77.46,DNS,262,Standard query 0x1234 A google.com
428,11.402938,192.168.1.14,8.8.8.8,TCP,1346,54321 → 443 [ACK] Seq=1 Ack=1
429,11.404235,192.168.1.18,13.107.42.14,HTTP,885,GET /index.html HTTP/1.1
430,11.404608,192.168.1.16,8.8.8.8,HTTP,334,GET /index.html HTTP/1.1
431,11.405071,192.168.1.2,192.168.1.1,TCP,729,54321 → 443 [ACK] Seq=1 Ack=1
432,11.409372,192.168.1.12,142.250.77.46,UDP,108,12345 → 53 Len=60
433,11.41226,192.168.1.13,192.168.1.1,TCP,1196,54321 → 443 [ACK] Seq=1 Ack=1
434,11.41258,192.168.1.17,13.107.42.14,ICMP,83,Echo (ping) request
435,11.412844,192.168.1.11,142.250.77.46,UDP,257,12345 → 53 Len=60
436,11.416465,192.168.1.14,13.107.42.14,TCP,635,54321 → 443 [ACK] Seq=1 Ack=1
437,11.416692,192.168.1.14,142.250.77.46,TCP,570,54321 → 443 [ACK] Seq=1 Ack=1
438,11.421868,192.168.1.5,8.8.8.8,TLS,1444,Application Data
439,11.425543,192.168.1.10,142.250.77.46,UDP,368,12345 → 53 Len=60
440,11.425797,192.168.1.13,142.250.77.46,HTTP,507,GET /index.html HTTP/1.1
441,11.426063,192.168.1.6,13.107.42.14,DNS,145,Standard query 0x1234 A google.com
442,11.439009,192.168.1.18,151.101.1.140,ARP,29,Who has 192.168.1.1? Tell 192.168.1.5
443,11.440416,192.168.1.16,151.101.1.140,UDP,358,12345 → 53 Len=60
444,11.441805,192.168.1.8,151.101.1.140,ICMP,82,Echo (ping) request
445,11.446832,192.168.1.8,192.168.1.1,TLS,389,Application Data
446,11.455658,192.168.1.10,13.107.42.14,DNS,294,Standard query 0x1234 A google.com
447,11.468465,192.168.1.5,192.168.1.1,DNS,149,Standard query 0x1234 A google.com
448,11.472664,192.168.1.15,142.250.77.46,UDP,218,12345 → 53 Len=60
449,11.47408,192.168.1.2,192.168.1.1,TLS,1443,Application Data
450,11.474342,192.168.1.18,192.168.1.1,UDP,417,12345 → 53 Len=60
451,11.478846,192.168.1.14,8.8.8.8,TLS,1456,Application Data
452,11.481298,192.168.1.14,142.250.77.46,HTTP,1002,GET /index.html HTTP/1.1
453,11.482954,192.168.1.18,142.250.77.46,UDP,126,12345 → 53 Len=60
454,11.490059,192.168.1.17,151.101.1.140,TCP,1272,54321 → 443 [ACK] Seq=1 Ack=1
455,11.490412,192.168.1.5,142.250.77.46,TCP,227,54321 → 443 [ACK] Seq=1 Ack=1
456,11.492448,192.168.1.13,13.107.42.14,DNS,139,Standard query 0x1234 A google.com
457,11.492482,192.168.1.8,151.101.1.140,HTTP,1344,GET /index.html HTTP/1.1
458,11.494379,192.168.1.9,142.250.77.46,UDP,252,12345 → 53 Len=60
459,11.494553,192.168.1.7,13.107.42.14,DNS,224,Standard query 0x1234 A google.com
460,11.494932,192.168.1.11,8.8.8.8,TCP,726,54321 → 443 [ACK] Seq=1 Ack=1
461,11.495307,192.168.1.3,192.168.1.1,TCP,315,54321 → 443 [ACK] Seq=1 Ack=1
462,11.49845,192.168.1.15,192.168.1.1,TCP,1426,54321 → 443 [ACK] Seq=1 Ack=1
463,11.502562,192.168.1.12,192.168.1.1,TCP,1457,54321 → 443 [ACK] Seq=1 Ack=1
464,11.505189,192.168.1.3,192.168.1.1,TCP,1132,54321 → 443 [ACK] Seq=1 Ack=1
465,11.515013,192.168.1.18,13.107.42.14,UDP,107,12345 → 53 Len=60
466,11.516422,192.168.1.7,8.8.8.8,TCP,1377,54321 → 443 [ACK] Seq=1 Ack=1
467,11.517432,192.168.1.2,8.8.8.8,TCP,1427,54321 → 443 [ACK] Seq=1 Ack=1
468,11.52352,192.168.1.9,8.8.8.8,DNS,168,Standard query 0x1234 A google.com
469,11.524279,192.168.1.13,151.101.1.140,DNS,190,Standard query 0x1234 A google.com
470,11.534188,192.168.1.20,8.8.8.8,TCP,795,54321 → 443 [ACK] Seq=1 Ack=1
471,11.534225,192.168.1.20,13.107.42.14,UDP,69,12345 → 53 Len=60
472,11.544732,192.168.1.2,142.250.77.46,UDP,245,12345 → 53 Len=60
473,11.544865,192.168.1.3,151.101.1.140,UDP,218,12345 → 53 Len=60
474,11.551518,192.168.1.7,192.168.1.1,TCP,423,54321 → 443 [ACK] Seq=1 Ack=1
475,11.553768,192.168.1.19,142.250.77.46,UDP,169,12345 → 53 Len=60
476,11.568639,192.168.1.18,8.8.8.8,TLS,799,Application Data
477,11.568869,192.168.1.7,192.168.1.1,UDP,452,12345 → 53 Len=60
478,11.57129,192.168.1.16,192.168.1.1,DNS,184,Standard query 0x1234 A google.com
479,11.581741,192.168.1.7,8.8.8.8,TLS,493,Application Data
480,11.583962,192.168.1.11,8.8.8.8,HTTP,663,GET /index.html HTTP/1.1
481,11.58694,192.168.1.10,151.101.1.140,TCP,335,54321 → 443 [ACK] Seq=1 Ack=1
482,11.59051,192.168.1.1,8.8.8.8,TCP,371,54321 → 443 [ACK] Seq=1 Ack=1
483,11.592328,192.168.1.7,8.8.8.8,TCP,212,54321 → 443 [ACK] Seq=1 Ack=1
484,11.595291,192.168.1.7,13.107.42.14,HTTP,805,GET /index.html HTTP/1.1
485,11.597925,192.168.1.4,142.250.77.46,TLS,307,Application Data
486,11.604867,192.168.1.16,8.8.8.8,ICMP,72,Echo (ping) request
487,11.605007,192.168.1.8,151.101.1.140,UDP,454,12345 → 53 Len=60
488,11.605996,192.168.1.20,151.101.1.140,HTTP,1305,GET /index.html HTTP/1.1
489,11.615008,192.168.1.7,13.107.42.14,UDP,487,12345 → 53 Len=60
490,11.621637,192.168.1.13,142.250.77.46,DNS,249,Standard query 0x1234 A google.com
491,11.623462,192.168.1.8,142.250.77.46,TCP,1132,54321 → 443 [ACK] Seq=1 Ack=1
492,11.626366,192.168.1.18,192.168.1.1,TCP,131,54321 → 443 [ACK] Seq=1 Ack=1
493,11.62734,192.168.1.11,151.101.1.140,UDP,398,12345 → 53 Len=60
494,11.627965,192.168.1.10,13.107.42.14,TCP,743,54321 → 443 [ACK] Seq=1 Ack=1
495,11.629835,192.168.1.13,151.101.1.140,TCP,1319,54321 → 443 [ACK] Seq=1 Ack=1
496,11.631142,192.168.1.15,13.107.42.14,DNS,93,Standard query 0x1234 A google.com
497,11.633771,192.168.1.18,142.250.77.46,UDP,365,12345 → 53 Len=60
498,11.634014,192.168.1.12,151.101.1.140,TCP,825,54321 → 443 [ACK] Seq=1 Ack=1
499,11.645009,192.168.1.10,13.107.42.14,UDP,138,12345 → 53 Len=60
500,11.65786,192.168.1.9,192.168.1.1,TCP,386,54321 → 443 [ACK] Seq=1 Ack=1
501,11.75369,192.168.1.12,151.101.1.140,DNS,106,Standard query 0x1234 A google.com
502,11.815136,192.168.1.17,142.250.77.46,TCP,1333,54321 → 443 [ACK] Seq=1 Ack=1
503,11.844766,192.168.1.16,151.101.1.140,TCP,393,54321 → 443 [ACK] Seq=1 Ack=1
504,11.979239,192.168.1.15,192.168.1.1,UDP,429,12345 → 53 Len=60
505,12.071585,192.168.1.4,142.250.77.46,TCP,950,54321 → 443 [ACK] Seq=1 Ack=1
506,12.085783,192.168.1.16,151.101.1.140,DNS,71,Standard query 0x1234 A google.com
507,12.279247,192.168.1.11,142.250.77.46,TCP,895,54321 → 443 [ACK] Seq=1 Ack=1
508,12.417567,192.168.1.7,8.8.8.8,UDP,246,12345 → 53 Len=60
509,12.656906,192.168.1.12,8.8.8.8,TCP,1439,54321 → 443 [ACK] Seq=1 Ack=1
510,12.760394,192.168.1.11,151.101.1.140,TCP,540,54321 → 443 [ACK] Seq=1 Ack=1
511,12.836426,192.168.1.14,13.107.42.14,TCP,963,54321 → 443 [ACK] Seq=1 Ack=1
512,12.879763,192.168.1.2,192.168.1.1,TCP,1304,54321 → 443 [ACK] Seq=1 Ack=1
513,13.095684,192.168.1.19,151.101.1.140,HTTP,783,GET /index.html HTTP/1.1
514,13.256515,192.168.1.8,13.107.42.14,TCP,973,54321 → 443 [ACK] Seq=1 Ack=1
515,13.260217,192.168.1.5,8.8.8.8,HTTP,679,GET /index.html HTTP/1.1
516,13.262355,192.168.1.1,142.250.77.46,TLS,1193,Application Data
517,13.300143,192.168.1.9,192.168.1.1,TCP,543,54321 → 443 [ACK] Seq=1 Ack=1
518,13.433235,192.168.1.18,151.101.1.140,TCP,687,54321 → 443 [ACK] Seq=1 Ack=1
519,13.782377,192.168.1.19,151.101.1.140,TCP,1014,54321 → 443 [ACK] Seq=1 Ack=1
520,13.795417,192.168.1.19,8.8.8.8,UDP,487,12345 → 53 Len=60
521,13.867555,192.168.1.14,13.107.42.14,ARP,31,Who has 192.168.1.1? Tell 192.168.1.5
522,13.905913,192.168.1.10,142.250.77.46,TCP,807,54321 → 443 [ACK] Seq=1 Ack=1
523,14.18621,192.168.1.5,8.8.8.8,DNS,233,Standard query 0x1234 A google.com
524,14.333883,192.168.1.7,142.250.77.46,HTTP,1368,GET /index.html HTTP/1.1
525,14.479658,192.168.1.11,142.250.77.46,DNS,172,Standard query 0x1234 A google.com
526,14.530251,192.168.1.8,151.101.1.140,HTTP,1145,GET /index.html HTTP/1.1
527,14.573118,192.168.1.13,192.168.1.1,ICMP,58,Echo (ping) request
528,14.598669,192.168.1.19,192.168.1.1,TCP,836,54321 → 443 [ACK] Seq=1 Ack=1
529,14.603311,192.168.1.8,151.101.1.140,TCP,1083,54321 → 443 [ACK] Seq=1 Ack=1
530,14.763346,192.168.1.16,151.101.1.140,TCP,1134,54321 → 443 [ACK] Seq=1 Ack=1
531,14.897435,192.168.1.18,142.250.77.46,TCP,911,54321 → 443 [ACK] Seq=1 Ack=1
532,15.551231,192.168.1.11,8.8.8.8,DNS,101,Standard query 0x1234 A google.com
533,16.00682,192.168.1.9,142.250.77.46,UDP,478,12345 → 53 Len=60
534,16.071673,192.168.1.16,151.101.1.140,TCP,462,54321 → 443 [ACK] Seq=1 Ack=1
535,16.188895,192.168.1.16,142.250.77.46,DNS,265,Standard query 0x1234 A google.com
536,16.420589,192.168.1.15,151.101.1.140,HTTP,1438,GET /index.html HTTP/1.1
537,16.572171,192.168.1.6,151.101.1.140,TCP,337,54321 → 443 [ACK] Seq=1 Ack=1
538,16.594903,192.168.1.12,8.8.8.8,DNS,283,Standard query 0x1234 A google.com
539,16.642809,192.168.1.6,13.107.42.14,HTTP,712,GET /index.html HTTP/1.1
540,16.653873,192.168.1.5,13.107.42.14,TCP,160,54321 → 443 [ACK] Seq=1 Ack=1
541,16.900291,192.168.1.18,8.8.8.8,HTTP,1184,GET /index.html HTTP/1.1
542,16.974839,192.168.1.16,13.107.42.14,ICMP,63,Echo (ping) request
543,16.995607,192.168.1.6,192.168.1.1,TCP,1189,54321 → 443 [ACK] Seq=1 Ack=1
544,17.084713,192.168.1.18,142.250.77.46,TCP,264,54321 → 443 [ACK] Seq=1 Ack=1
545,17.161727,192.168.1.2,142.250.77.46,TCP,1110,54321 → 443 [ACK] Seq=1 Ack=1
546,17.1972,192.168.1.17,192.168.1.1,DNS,277,Standard query 0x1234 A google.com
547,17.206844,192.168.1.2,151.101.1.140,ICMP,47,Echo (ping) request
548,17.295919,192.168.1.3,13.107.42.14,TCP,637,54321 → 443 [ACK] Seq=1 Ack=1
549,17.354688,192.168.1.2,151.101.1.140,DNS,81,Standard query 0x1234 A google.com
550,17.473072,192.168.1.1,142.250.77.46,TCP,382,54321 → 443 [ACK] Seq=1 Ack=1
551,17.531817,192.168.1.14,13.107.42.14,DNS,129,Standard query 0x1234 A google.com
552,17.684759,192.168.1.5,151.101.1.140,DNS,175,Standard query 0x1234 A google.com
553,17.748979,192.168.1.8,8.8.8.8,TCP,1105,54321 → 443 [ACK] Seq=1 Ack=1
554,17.814828,192.168.1.3,8.8.8.8,HTTP,501,GET /index.html HTTP/1.1
555,17.982249,192.168.1.5,142.250.77.46,TLS,995,Application Data
556,18.023581,192.168.1.1,8.8.8.8,DNS,83,Standard query 0x1234 A google.com
557,18.035092,192.168.1.7,142.250.77.46,TCP,508,54321 → 443 [ACK] Seq=1 Ack=1
558,18.037428,192.168.1.17,192.168.1.1,ARP,41,Who has 192.168.1.1? Tell 192.168.1.5
559,18.149993,192.168.1.15,8.8.8.8,HTTP,1123,GET /index.html HTTP/1.1
560,18.227465,192.168.1.12,8.8.8.8,TCP,769,54321 → 443 [ACK] Seq=1 Ack=1
561,18.324878,192.168.1.2,192.168.1.1,UDP,73,12345 → 53 Len=60
562,18.344036,192.168.1.20,192.168.1.1,TCP,903,54321 → 443 [ACK] Seq=1 Ack=1
563,18.355765,192.168.1.20,142.250.77.46,UDP,87,12345 → 53 Len=60
564,18.356937,192.168.1.16,192.168.1.1,TCP,865,54321 → 443 [ACK] Seq=1 Ack=1
565,18.391472,192.168.1.16,192.168.1.1,TLS,1128,Application Data
566,18.462784,192.168.1.1,151.101.1.140,TLS,865,Application Data
567,18.502623,192.168.1.1,13.107.42.14,TCP,536,54321 → 443 [ACK] Seq=1 Ack=1
568,18.548648,192.168.1.18,151.101.1.140,ICMP,64,Echo (ping) request
569,18.736253,192.168.1.18,151.101.1.140,DNS,80,Standard query 0x1234 A google.com
570,18.770502,192.168.1.14,13.107.42.14,TLS,867,Application Data
571,18.828224,192.168.1.1,8.8.8.8,DNS,117,Standard query 0x1234 A google.com
572,18.950693,192.168.1.1,142.250.77.46,UDP,74,12345 → 53 Len=60
573,18.9911,192.168.1.17,192.168.1.1,HTTP,852,GET /index.html HTTP/1.1
574,19.068947,192.168.1.9,13.107.42.14,ICMP,46,Echo (ping) request
575,19.227598,192.168.1.18,13.107.42.14,TCP,1385,54321 → 443 [ACK] Seq=1 Ack=1
576,19.466493,192.168.1.10,192.168.1.1,HTTP,886,GET /index.html HTTP/1.1
577,19.47922,192.168.1.1,13.107.42.14,UDP,465,12345 → 53 Len=60
578,19.688153,192.168.1.17,151.101.1.140,UDP,134,12345 → 53 Len=60
579,19.742353,192.168.1.14,142.250.77.46,UDP,130,12345 → 53 Len=60
580,19.766252,192.168.1.6,8.8.8.8,HTTP,278,GET /index.html HTTP/1.1
581,19.815419,192.168.1.4,142.250.77.46,TCP,641,54321 → 443 [ACK] Seq=1 Ack=1
582,20.128511,192.168.1.4,13.107.42.14,TLS,1067,Application Data
583,20.182791,192.168.1.17,13.107.42.14,TLS,384,Application Data
584,20.21468,192.168.1.5,8.8.8.8,TCP,1014,54321 → 443 [ACK] Seq=1 Ack=1
585,20.294959,192.168.1.8,8.8.8.8,TLS,1018,Application Data
586,20.316929,192.168.1.7,8.8.8.8,TCP,1314,54321 → 443 [ACK] Seq=1 Ack=1
587,20.323241,192.168.1.20,192.168.1.1,UDP,62,12345 → 53 Len=60
588,20.334279,192.168.1.17,151.101.1.140,DNS,291,Standard query 0x1234 A google.com
589,20.34524,192.168.1.9,13.107.42.14,TCP,216,54321 → 443 [ACK] Seq=1 Ack=1
590,20.358421,192.168.1.12,8.8.8.8,TCP,92,54321 → 443 [ACK] Seq=1 Ack=1
591,20.370378,192.168.1.9,142.250.77.46,TLS,624,Application Data
592,20.452304,192.168.1.13,151.101.1.140,TCP,495,54321 → 443 [ACK] Seq=1 Ack=1
593,20.468364,192.168.1.3,192.168.1.1,TCP,360,54321 → 443 [ACK] Seq=1 Ack=1
594,20.502295,192.168.1.12,13.107.42.14,HTTP,1323,GET /index.html HTTP/1.1
595,20.683973,192.168.1.13,8.8.8.8,TCP,1300,54321 → 443 [ACK] Seq=1 Ack=1
596,20.735364,192.168.1.15,151.101.1.140,TLS,1180,Application Data
597,20.823467,192.168.1.19,13.107.42.14,DNS,168,Standard query 0x1234 A google.com
598,20.838597,192.168.1.8,192.168.1.1,TCP,281,54321 → 443 [ACK] Seq=1 Ack=1
599,20.855681,192.168.1.8,142.250.77.46,TCP,644,54321 → 443 [ACK] Seq=1 Ack=1
600,20.859019,192.168.1.10,151.101.1.140,ICMP,55,Echo (ping) request
601,20.861795,192.168.1.3,142.250.77.46,TCP,670,54321 → 443 [ACK] Seq=1 Ack=1
602,20.866693,192.168.1.2,142.250.77.46,HTTP,449,GET /index.html HTTP/1.1
603,20.869615,192.168.1.3,142.250.77.46,UDP,84,12345 → 53 Len=60
604,20.871009,192.168.1.13,8.8.8.8,HTTP,688,GET /index.html HTTP/1.1
605,20.872937,192.168.1.13,8.8.8.8,DNS,167,Standard query 0x1234 A google.com
606,20.882202,192.168.1.13,13.107.42.14,DNS,223,Standard query 0x1234 A google.com
607,20.885668,192.168.1.18,142.250.77.46,UDP,466,12345 → 53 Len=60
608,20.892463,192.168.1.16,192.168.1.1,HTTP,1136,GET /index.html HTTP/1.1
609,20.902963,192.168.1.2,13.107.42.14,TCP,182,54321 → 443 [ACK] Seq=1 Ack=1
610,20.92055,192.168.1.1,8.8.8.8,TCP,281,54321 → 443 [ACK] Seq=1 Ack=1
611,20.921151,192.168.1.6,151.101.1.140,DNS,274,Standard query 0x1234 A google.com
612,20.945249,192.168.1.3,8.8.8.8,TCP,1077,54321 → 443 [ACK] Seq=1 Ack=1
613,20.960077,192.168.1.16,151.101.1.140,UDP,365,12345 → 53 Len=60
614,20.961357,192.168.1.14,192.168.1.1,UDP,334,12345 → 53 Len=60
615,20.992379,192.168.1.11,13.107.42.14,UDP,68,12345 → 53 Len=60
616,21.030429,192.168.1.19,151.101.1.140,UDP,383,12345 → 53 Len=60
617,21.031375,192.168.1.4,142.250.77.46,HTTP,1255,GET /index.html HTTP/1.1
618,21.036237,192.168.1.17,8.8.8.8,TCP,1231,54321 → 443 [ACK] Seq=1 Ack=1
619,21.060851,192.168.1.2,142.250.77.46,DNS,121,Standard query 0x1234 A google.com
620,21.081542,192.168.1.8,13.107.42.14,TCP,348,54321 → 443 [ACK] Seq=1 Ack=1
621,21.084601,192.168.1.7,192.168.1.1,TCP,650,54321 → 443 [ACK] Seq=1 Ack=1
622,21.088125,192.168.1.19,151.101.1.140,TCP,933,54321 → 443 [ACK] Seq=1 Ack=1
623,21.095067,192.168.1.16,192.168.1.1,TCP,57,54321 → 443 [ACK] Seq=1 Ack=1
624,21.105007,192.168.1.9,13.107.42.14,TCP,1313,54321 → 443 [ACK] Seq=1 Ack=1
625,21.119452,192.168.1.2,142.250.77.46,UDP,240,12345 → 53 Len=60
626,21.126356,192.168.1.3,142.250.77.46,HTTP,692,GET /index.html HTTP/1.1
627,21.13567,192.168.1.9,142.250.77.46,TCP,1222,54321 → 443 [ACK] Seq=1 Ack=1
628,21.156313,192.168.1.18,192.168.1.1,TCP,907,54321 → 443 [ACK] Seq=1 Ack=1
629,21.156874,192.168.1.19,8.8.8.8,UDP,155,12345 → 53 Len=60
630,21.161238,192.168.1.2,13.107.42.14,HTTP,375,GET /index.html HTTP/1.1
631,21.17998,192.168.1.6,13.107.42.14,ARP,36,Who has 192.168.1.1? Tell 192.168.1.5
632,21.213817,192.168.1.11,13.107.42.14,UDP,244,12345 → 53 Len=60
633,21.224568,192.168.1.1,192.168.1.1,TCP,192,54321 → 443 [ACK] Seq=1 Ack=1
634,21.235961,192.168.1.7,8.8.8.8,TCP,1131,54321 → 443 [ACK] Seq=1 Ack=1
635,21.237662,192.168.1.19,192.168.1.1,TCP,1168,54321 → 443 [ACK] Seq=1 Ack=1
636,21.246559,192.168.1.5,13.107.42.14,TCP,1093,54321 → 443 [ACK] Seq=1 Ack=1
637,21.257968,192.168.1.13,192.168.1.1,TCP,1093,54321 → 443 [ACK] Seq=1 Ack=1
638,21.262133,192.168.1.3,8.8.8.8,TCP,1188,54321 → 443 [ACK] Seq=1 Ack=1
639,21.266838,192.168.1.10,142.250.77.46,UDP,70,12345 → 53 Len=60
640,21.273943,192.168.1.6,8.8.8.8,TCP,853,54321 → 443 [ACK] Seq=1 Ack=1
641,21.274248,192.168.1.19,8.8.8.8,ARP,41,Who has 192.168.1.1? Tell 192.168.1.5
642,21.280078,192.168.1.8,8.8.8.8,UDP,300,12345 → 53 Len=60
643,21.283642,192.168.1.19,151.101.1.140,DNS,71,Standard query 0x1234 A google.com
644,21.289593,192.168.1.13,142.250.77.46,TCP,1355,54321 → 443 [ACK] Seq=1 Ack=1
645,21.291506,192.168.1.18,192.168.1.1,TLS,892,Application Data
646,21.324688,192.168.1.11,8.8.8.8,UDP,251,12345 → 53 Len=60
647,21.338194,192.168.1.13,13.107.42.14,TLS,619,Application Data
648,21.355243,192.168.1.5,142.250.77.46,UDP,442,12345 → 53 Len=60
649,21.378594,192.168.1.3,151.101.1.140,UDP,68,12345 → 53 Len=60
650,21.388944,192.168.1.17,192.168.1.1,UDP,242,12345 → 53 Len=60
651,21.390308,192.168.1.12,8.8.8.8,TCP,192,54321 → 443 [ACK] Seq=1 Ack=1
652,21.401862,192.168.1.2,13.107.42.14,TCP,760,54321 → 443 [ACK] Seq=1 Ack=1
653,21.415121,192.168.1.4,13.107.42.14,ICMP,55,Echo (ping) request
654,21.435644,192.168.1.14,192.168.1.1,UDP,435,12345 → 53 Len=60
655,21.44412,192.168.1.8,13.107.42.14,TLS,1445,Application Data
656,21.446167,192.168.1.3,192.168.1.1,UDP,381,12345 → 53 Len=60
657,21.451174,192.168.1.11,8.8.8.8,TCP,266,54321 → 443 [ACK] Seq=1 Ack=1
658,21.45794,192.168.1.20,151.101.1.140,DNS,257,Standard query 0x1234 A google.com
659,21.473514,192.168.1.20,13.107.42.14,TCP,1245,54321 → 443 [ACK] Seq=1 Ack=1
660,21.4862,192.168.1.20,151.101.1.140,TCP,734,54321 → 443 [ACK] Seq=1 Ack=1
661,21.492803,192.168.1.13,8.8.8.8,UDP,128,12345 → 53 Len=60
662,21.557396,192.168.1.11,8.8.8.8,TCP,144,54321 → 443 [ACK] Seq=1 Ack=1
663,21.571359,192.168.1.1,13.107.42.14,ARP,33,Who has 192.168.1.1? Tell 192.168.1.5
664,21.575421,192.168.1.9,13.107.42.14,TCP,1172,54321 → 443 [ACK] Seq=1 Ack=1
665,21.577031,192.168.1.15,192.168.1.1,HTTP,893,GET /index.html HTTP/1.1
666,21.579519,192.168.1.16,8.8.8.8,DNS,268,Standard query 0x1234 A google.com
667,21.583754,192.168.1.8,8.8.8.8,HTTP,558,GET /index.html HTTP/1.1
668,21.586381,192.168.1.12,151.101.1.140,TCP,1456,54321 → 443 [ACK] Seq=1 Ack=1
669,21.589479,192.168.1.18,151.101.1.140,UDP,297,12345 → 53 Len=60
670,21.594513,192.168.1.13,192.168.1.1,UDP,416,12345 → 53 Len=60
671,21.597369,192.168.1.14,192.168.1.1,UDP,305,12345 → 53 Len=60
672,21.63143,192.168.1.6,192.168.1.1,TLS,1393,Application Data
673,21.632685,192.168.1.19,142.250.77.46,ARP,30,Who has 192.168.1.1? Tell 192.168.1.5
674,21.643836,192.168.1.13,151.101.1.140,TCP,330,54321 → 443 [ACK] Seq=1 Ack=1
675,21.65176,192.168.1.3,13.107.42.14,DNS,76,Standard query 0x1234 A google.com
676,21.71234,192.168.1.20,13.107.42.14,DNS,243,Standard query 0x1234 A google.com
677,21.714122,192.168.1.10,8.8.8.8,HTTP,1137,GET /index.html HTTP/1.1
678,21.721731,192.168.1.8,13.107.42.14,ICMP,42,Echo (ping) request
679,21.774067,192.168.1.3,151.101.1.140,TCP,654,54321 → 443 [ACK] Seq=1 Ack=1
680,21.804161,192.168.1.3,151.101.1.140,TCP,466,54321 → 443 [ACK] Seq=1 Ack=1
681,21.829641,192.168.1.9,13.107.42.14,DNS,71,Standard query 0x1234 A google.com
682,21.834115,192.168.1.5,142.250.77.46,TCP,462,54321 → 443 [ACK] Seq=1 Ack=1
683,21.836926,192.168.1.13,192.168.1.1,TCP,139,54321 → 443 [ACK] Seq=1 Ack=1
684,21.853494,192.168.1.5,151.101.1.140,TCP,700,54321 → 443 [ACK] Seq=1 Ack=1
685,21.89325,192.168.1.13,8.8.8.8,TCP,689,54321 → 443 [ACK] Seq=1 Ack=1
686,21.905455,192.168.1.11,13.107.42.14,UDP,323,12345 → 53 Len=60
687,21.918171,192.168.1.12,142.250.77.46,UDP,263,12345 → 53 Len=60
688,21.923098,192.168.1.4,142.250.77.46,TCP,1166,54321 → 443 [ACK] Seq=1 Ack=1
689,21.94511,192.168.1.3,142.250.77.46,TCP,1023,54321 → 443 [ACK] Seq=1 Ack=1
690,21.948216,192.168.1.1,151.101.1.140,DNS,124,Standard query 0x1234 A google.com
691,21.954082,192.168.1.10,142.250.77.46,DNS,69,Standard query 0x1234 A google.com
692,21.962395,192.168.1.15,192.168.1.1,UDP,445,12345 → 53 Len=60
693,21.973022,192.168.1.12,192.168.1.1,DNS,225,Standard query 0x1234 A google.com
694,21.977186,192.168.1.9,151.101.1.140,ICMP,52,Echo (ping) request
695,21.979016,192.168.1.4,192.168.1.1,HTTP,785,GET /index.html HTTP/1.1
696,21.993164,192.168.1.5,142.250.77.46,DNS,151,Standard query 0x1234 A google.com
697,21.998272,192.168.1.3,142.250.77.46,DNS,280,Standard query 0x1234 A google.com
698,22.011329,192.168.1.6,151.101.1.140,ICMP,43,Echo (ping) request
699,22.013844,192.168.1.14,151.101.1.140,UDP,503,12345 → 53 Len=60
700,22.023686,192.168.1.15,142.250.77.46,UDP,395,12345 → 53 Len=60
701,22.025968,192.168.1.18,151.101.1.140,DNS,144,Standard query 0x1234 A google.com
702,22.026127,192.168.1.18,151.101.1.140,TLS,659,Application Data
703,22.027358,192.168.1.17,8.8.8.8,TLS,354,Application Data
704,22.027791,192.168.1.14,13.107.42.14,TCP,807,54321 → 443 [ACK] Seq=1 Ack=1
705,22.027988,192.168.1.4,192.168.1.1,TCP,948,54321 → 443 [ACK] Seq=1 Ack=1
706,22.041791,192.168.1.1,13.107.42.14,TCP,873,54321 → 443 [ACK] Seq=1 Ack=1
707,22.042959,192.168.1.3,13.107.42.14,HTTP,1100,GET /index.html HTTP/1.1
708,22.047939,192.168.1.12,13.107.42.14,UDP,257,12345 → 53 Len=60
709,22.048821,192.168.1.18,142.250.77.46,TCP,748,54321 → 443 [ACK] Seq=1 Ack=1
710,22.052253,192.168.1.3,8.8.8.8,TCP,436,54321 → 443 [ACK] Seq=1 Ack=1
711,22.056537,192.168.1.20,151.101.1.140,DNS,187,Standard query 0x1234 A google.com
712,22.059254,192.168.1.20,8.8.8.8,DNS,237,Standard query 0x1234 A google.com
713,22.061167,192.168.1.11,151.101.1.140,ICMP,71,Echo (ping) request
714,22.062759,192.168.1.13,13.107.42.14,UDP,248,12345 → 53 Len=60
715,22.064047,192.168.1.1,151.101.1.140,UDP,468,12345 → 53 Len=60
716,22.072004,192.168.1.10,13.107.42.14,TCP,1117,54321 → 443 [ACK] Seq=1 Ack=1
717,22.077331,192.168.1.14,13.107.42.14,TCP,600,54321 → 443 [ACK] Seq=1 Ack=1
718,22.087391,192.168.1.13,8.8.8.8,UDP,470,12345 → 53 Len=60
719,22.087789,192.168.1.3,192.168.1.1,TCP,223,54321 → 443 [ACK] Seq=1 Ack=1
720,22.091726,192.168.1.18,142.250.77.46,TCP,923,54321 → 443 [ACK] Seq=1 Ack=1
721,22.100085,192.168.1.8,8.8.8.8,TCP,215,54321 → 443 [ACK] Seq=1 Ack=1
722,22.100685,192.168.1.19,8.8.8.8,ICMP,67,Echo (ping) request
723,22.100891,192.168.1.17,8.8.8.8,TLS,1333,Application Data
724,22.104945,192.168.1.6,142.250.77.46,UDP,481,12345 → 53 Len=60
725,22.107509,192.168.1.13,8.8.8.8,ICMP,51,Echo (ping) request
726,22.113041,192.168.1.6,142.250.77.46,ARP,36,Who has 192.168.1.1? Tell 192.168.1.5
727,22.113493,192.168.1.5,13.107.42.14,DNS,135,Standard query 0x1234 A google.com
728,22.118251,192.168.1.9,142.250.77.46,TCP,711,54321 → 443 [ACK] Seq=1 Ack=1
729,22.118926,192.168.1.10,192.168.1.1,TCP,264,54321 → 443 [ACK] Seq=1 Ack=1
730,22.119462,192.168.1.9,151.101.1.140,HTTP,363,GET /index.html HTTP/1.1
731,22.120001,192.168.1.16,142.250.77.46,UDP,227,12345 → 53 Len=60
732,22.125056,192.168.1.5,13.107.42.14,DNS,229,Standard query 0x1234 A google.com
733,22.128339,192.168.1.3,13.107.42.14,TLS,705,Application Data
734,22.13056,192.168.1.6,192.168.1.1,TCP,681,54321 → 443 [ACK] Seq=1 Ack=1
735,22.131893,192.168.1.14,13.107.42.14,UDP,288,12345 → 53 Len=60
736,22.138185,192.168.1.9,13.107.42.14,DNS,214,Standard query 0x1234 A google.com
737,22.13968,192.168.1.14,142.250.77.46,UDP,427,12345 → 53 Len=60
738,22.144768,192.168.1.10,192.168.1.1,TCP,926,54321 → 443 [ACK] Seq=1 Ack=1
739,22.146503,192.168.1.16,142.250.77.46,TCP,395,54321 → 443 [ACK] Seq=1 Ack=1
740,22.147922,192.168.1.3,192.168.1.1,TCP,963,54321 → 443 [ACK] Seq=1 Ack=1
741,22.149786,192.168.1.12,8.8.8.8,DNS,149,Standard query 0x1234 A google.com
742,22.150862,192.168.1.9,8.8.8.8,TLS,1015,Application Data
743,22.154992,192.168.1.8,8.8.8.8,TCP,140,54321 → 443 [ACK] Seq=1 Ack=1
744,22.157088,192.168.1.16,192.168.1.1,DNS,246,Standard query 0x1234 A google.com
745,22.15788,192.168.1.20,151.101.1.140,TCP,776,54321 → 443 [ACK] Seq=1 Ack=1
746,22.164775,192.168.1.20,142.250.77.46,ICMP,79,Echo (ping) request
747,22.166228,192.168.1.7,142.250.77.46,HTTP,1090,GET /index.html HTTP/1.1
748,22.168581,192.168.1.15,142.250.77.46,UDP,200,12345 → 53 Len=60
749,22.17569,192.168.1.4,142.250.77.46,UDP,387,12345 → 53 Len=60
750,22.178626,192.168.1.5,151.101.1.140,TCP,171,54321 → 443 [ACK] Seq=1 Ack=1
751,22.178999,192.168.1.10,13.107.42.14,TCP,207,54321 → 443 [ACK] Seq=1 Ack=1
752,22.187431,192.168.1.1,192.168.1.1,ARP,38,Who has 192.168.1.1? Tell 192.168.1.5
753,22.190395,192.168.1.13,192.168.1.1,UDP,386,12345 → 53 Len=60
754,22.191619,192.168.1.11,151.101.1.140,UDP,267,12345 → 53 Len=60
755,22.192069,192.168.1.20,13.107.42.14,ARP,33,Who has 192.168.1.1? Tell 192.168.1.5
756,22.196809,192.168.1.13,8.8.8.8,DNS,191,Standard query 0x1234 A google.com
757,22.199712,192.168.1.11,8.8.8.8,UDP,470,12345 → 53 Len=60
758,22.201999,192.168.1.15,192.168.1.1,UDP,443,12345 → 53 Len=60
759,22.208729,192.168.1.11,142.250.77.46,TCP,1445,54321 → 443 [ACK] Seq=1 Ack=1
760,22.213391,192.168.1.14,151.101.1.140,TCP,381,54321 → 443 [ACK] Seq=1 Ack=1
761,22.213885,192.168.1.20,192.168.1.1,HTTP,263,GET /index.html HTTP/1.1
762,22.215005,192.168.1.5,151.101.1.140,DNS,96,Standard query 0x1234 A google.com
763,22.215862,192.168.1.10,151.101.1.140,HTTP,1444,GET /index.html HTTP/1.1
764,22.219949,192.168.1.11,142.250.77.46,TCP,1442,54321 → 443 [ACK] Seq=1 Ack=1
765,22.220052,192.168.1.20,192.168.1.1,UDP,460,12345 → 53 Len=60
766,22.222583,192.168.1.7,192.168.1.1,ICMP,68,Echo (ping) request
767,22.226895,192.168.1.16,13.107.42.14,UDP,77,12345 → 53 Len=60
768,22.233176,192.168.1.11,142.250.77.46,DNS,92,Standard query 0x1234 A google.com
769,22.234432,192.168.1.6,142.250.77.46,TCP,191,54321 → 443 [ACK] Seq=1 Ack=1
770,22.239597,192.168.1.13,13.107.42.14,ARP,31,Who has 192.168.1.1? Tell 192.168.1.5
771,22.239949,192.168.1.11,151.101.1.140,DNS,259,Standard query 0x1234 A google.com
772,22.24557,192.168.1.10,13.107.42.14,TCP,1375,54321 → 443 [ACK] Seq=1 Ack=1
773,22.24598,192.168.1.16,8.8.8.8,TCP,804,54321 → 443 [ACK] Seq=1 Ack=1
774,22.247499,192.168.1.19,192.168.1.1,UDP,245,12345 → 53 Len=60
775,22.252287,192.168.1.8,192.168.1.1,UDP,256,12345 → 53 Len=60
776,22.252774,192.168.1.11,192.168.1.1,TCP,1215,54321 → 443 [ACK] Seq=1 Ack=1
777,22.253555,192.168.1.13,13.107.42.14,ARP,28,Who has 192.168.1.1? Tell 192.168.1.5
778,22.257398,192.168.1.9,13.107.42.14,TLS,1339,Application Data
779,22.261217,192.168.1.13,142.250.77.46,UDP,138,12345 → 53 Len=60
780,22.264292,192.168.1.12,151.101.1.140,TCP,1444,54321 → 443 [ACK] Seq=1 Ack=1
781,22.267844,192.168.1.4,13.107.42.14,TLS,1021,Application Data
782,22.270191,192.168.1.19,142.250.77.46,UDP,249,12345 → 53 Len=60
783,22.271062,192.168.1.7,142.250.77.46,DNS,155,Standard query 0x1234 A google.com
784,22.272334,192.168.1.19,142.250.77.46,UDP,287,12345 → 53 Len=60
785,22.272935,192.168.1.18,142.250.77.46,TCP,211,54321 → 443 [ACK] Seq=1 Ack=1
786,22.280108,192.168.1.6,151.101.1.140,TLS,1275,Application Data
787,22.282735,192.168.1.18,192.168.1.1,ARP,30,Who has 192.168.1.1? Tell 192.168.1.5
788,22.284272,192.168.1.1,151.101.1.140,TCP,1138,54321 → 443 [ACK] Seq=1 Ack=1
789,22.286131,192.168.1.15,8.8.8.8,UDP,247,12345 → 53 Len=60
790,22.29496,192.168.1.7,13.107.42.14,TCP,869,54321 → 443 [ACK] Seq=1 Ack=1
791,22.295459,192.168.1.15,142.250.77.46,ICMP,60,Echo (ping) request
792,22.298106,192.168.1.10,8.8.8.8,UDP,392,12345 → 53 Len=60
793,22.300221,192.168.1.3,192.168.1.1,TLS,670,Application Data
794,22.303057,192.168.1.14,192.168.1.1,TLS,611,Application Data
795,22.303112,192.168.1.16,13.107.42.14,TCP,286,54321 → 443 [ACK] Seq=1 Ack=1
796,22.309282,192.168.1.5,142.250.77.46,HTTP,253,GET /index.html HTTP/1.1
797,22.317352,192.168.1.10,8.8.8.8,UDP,436,12345 → 53 Len=60
798,22.319851,192.168.1.8,8.8.8.8,ICMP,51,Echo (ping) request
799,22.323429,192.168.1.9,13.107.42.14,UDP,315,12345 → 53 Len=60
800,22.331102,192.168.1.5,142.250.77.46,TLS,1160,Application Data
801,22.429373,192.168.1.14,192.168.1.1,TCP,846,54321 → 443 [ACK] Seq=1 Ack=1
802,22.442614,192.168.1.13,13.107.42.14,TCP,1204,54321 → 443 [ACK] Seq=1 Ack=1
803,22.51131,192.168.1.3,151.101.1.140,UDP,120,12345 → 53 Len=60
804,22.585968,192.168.1.15,13.107.42.14,ARP,32,Who has 192.168.1.1? Tell 192.168.1.5
805,22.630118,192.168.1.20,192.168.1.1,UDP,456,12345 → 53 Len=60
806,22.736797,192.168.1.16,192.168.1.1,TCP,587,54321 → 443 [ACK] Seq=1 Ack=1
807,22.954691,192.168.1.19,142.250.77.46,UDP,420,12345 → 53 Len=60
808,23.162521,192.168.1.13,151.101.1.140,TCP,967,54321 → 443 [ACK] Seq=1 Ack=1
809,23.210471,192.168.1.18,151.101.1.140,UDP,169,12345 → 53 Len=60
810,23.220085,192.168.1.17,151.101.1.140,UDP,373,12345 → 53 Len=60
811,23.555219,192.168.1.14,13.107.42.14,UDP,206,12345 → 53 Len=60
812,23.701276,192.168.1.18,192.168.1.1,TCP,1059,54321 → 443 [ACK] Seq=1 Ack=1
813,23.711928,192.168.1.2,142.250.77.46,TCP,463,54321 → 443 [ACK] Seq=1 Ack=1
814,23.914833,192.168.1.12,142.250.77.46,DNS,91,Standard query 0x1234 A google.com
815,24.077986,192.168.1.18,8.8.8.8,UDP,129,12345 → 53 Len=60
816,24.136511,192.168.1.20,151.101.1.140,TCP,205,54321 → 443 [ACK] Seq=1 Ack=1
817,24.208088,192.168.1.3,13.107.42.14,HTTP,1125,GET /index.html HTTP/1.1
818,24.248821,192.168.1.4,142.250.77.46,TCP,407,54321 → 443 [ACK] Seq=1 Ack=1
819,24.253326,192.168.1.8,13.107.42.14,HTTP,1111,GET /index.html HTTP/1.1
820,24.285988,192.168.1.12,151.101.1.140,DNS,82,Standard query 0x1234 A google.com
821,24.415892,192.168.1.6,151.101.1.140,HTTP,854,GET /index.html HTTP/1.1
822,24.416264,192.168.1.20,13.107.42.14,TCP,1421,54321 → 443 [ACK] Seq=1 Ack=1
823,24.448721,192.168.1.2,192.168.1.1,DNS,148,Standard query 0x1234 A google.com
824,24.489343,192.168.1.19,192.168.1.1,TLS,232,Application Data
825,24.551014,192.168.1.13,192.168.1.1,ARP,36,Who has 192.168.1.1? Tell 192.168.1.5
826,24.752928,192.168.1.11,151.101.1.140,UDP,337,12345 → 53 Len=60
827,24.786942,192.168.1.14,142.250.77.46,TCP,648,54321 → 443 [ACK] Seq=1 Ack=1
828,24.82103,192.168.1.4,142.250.77.46,UDP,213,12345 → 53 Len=60
829,24.928031,192.168.1.1,192.168.1.1,UDP,495,12345 → 53 Len=60
830,24.976181,192.168.1.4,13.107.42.14,TLS,422,Application Data
831,24.996532,192.168.1.9,192.168.1.1,TLS,1406,Application Data
832,25.044714,192.168.1.8,142.250.77.46,UDP,149,12345 → 53 Len=60
833,25.05686,192.168.1.17,13.107.42.14,UDP,466,12345 → 53 Len=60
834,25.072384,192.168.1.17,13.107.42.14,UDP,245,12345 → 53 Len=60
835,25.127575,192.168.1.18,8.8.8.8,HTTP,1241,GET /index.html HTTP/1.1
836,25.171006,192.168.1.19,8.8.8.8,UDP,174,12345 → 53 Len=60
837,25.368069,192.168.1.19,151.101.1.140,DNS,91,Standard query 0x1234 A google.com
838,25.404072,192.168.1.8,13.107.42.14,TCP,465,54321 → 443 [ACK] Seq=1 Ack=1
839,25.473584,192.168.1.15,151.101.1.140,UDP,465,12345 → 53 Len=60
840,25.553615,192.168.1.12,13.107.42.14,ICMP,48,Echo (ping) request
841,25.55467,192.168.1.13,8.8.8.8,TCP,538,54321 → 443 [ACK] Seq=1 Ack=1
842,25.641811,192.168.1.15,8.8.8.8,DNS,262,Standard query 0x1234 A google.com
843,25.657496,192.168.1.19,151.101.1.140,DNS,186,Standard query 0x1234 A google.com
844,25.917176,192.168.1.17,13.107.42.14,TLS,153,Application Data
845,25.930051,192.168.1.5,13.107.42.14,TLS,839,Application Data
846,25.972891,192.168.1.12,192.168.1.1,TLS,1234,Application Data
847,25.980029,192.168.1.1,8.8.8.8,TCP,1226,54321 → 443 [ACK] Seq=1 Ack=1
848,26.441475,192.168.1.16,192.168.1.1,TCP,809,54321 → 443 [ACK] Seq=1 Ack=1
849,26.497279,192.168.1.4,142.250.77.46,DNS,179,Standard query 0x1234 A google.com
850,26.569664,192.168.1.10,192.168.1.1,HTTP,1329,GET /index.html HTTP/1.1
851,26.575219,192.168.1.14,192.168.1.1,TLS,365,Application Data
852,26.68611,192.168.1.3,192.168.1.1,TCP,1307,54321 → 443 [ACK] Seq=1 Ack=1
853,26.704958,192.168.1.4,8.8.8.8,TCP,230,54321 → 443 [ACK] Seq=1 Ack=1
854,26.887623,192.168.1.5,192.168.1.1,DNS,76,Standard query 0x1234 A google.com
855,26.90599,192.168.1.12,8.8.8.8,ICMP,59,Echo (ping) request
856,26.922916,192.168.1.10,8.8.8.8,ARP,34,Who has 192.168.1.1? Tell 192.168.1.5
857,26.925895,192.168.1.11,142.250.77.46,HTTP,1180,GET /index.html HTTP/1.1
858,26.976998,192.168.1.15,192.168.1.1,UDP,329,12345 → 53 Len=60
859,27.043561,192.168.1.7,142.250.77.46,TCP,895,54321 → 443 [ACK] Seq=1 Ack=1
860,27.048999,192.168.1.17,8.8.8.8,DNS,256,Standard query 0x1234 A google.com
861,27.168519,192.168.1.16,13.107.42.14,TLS,938,Application Data
862,27.216825,192.168.1.12,142.250.77.46,UDP,481,12345 → 53 Len=60
863,27.276278,192.168.1.16,151.101.1.140,DNS,207,Standard query 0x1234 A google.com
864,27.322773,192.168.1.4,13.107.42.14,TLS,251,Application Data
865,27.36374,192.168.1.15,8.8.8.8,TCP,310,54321 → 443 [ACK] Seq=1 Ack=1
866,27.429354,192.168.1.15,151.101.1.140,HTTP,849,GET /index.html HTTP/1.1
867,27.44285,192.168.1.11,151.101.1.140,TCP,1369,54321 → 443 [ACK] Seq=1 Ack=1
868,27.458914,192.168.1.3,8.8.8.8,TCP,205,54321 → 443 [ACK] Seq=1 Ack=1
869,27.61723,192.168.1.10,13.107.42.14,TCP,975,54321 → 443 [ACK] Seq=1 Ack=1
870,27.850903,192.168.1.2,13.107.42.14,UDP,298,12345 → 53 Len=60
871,27.888287,192.168.1.4,13.107.42.14,UDP,408,12345 → 53 Len=60
872,27.913546,192.168.1.1,13.107.42.14,HTTP,1259,GET /index.html HTTP/1.1
873,27.996172,192.168.1.11,8.8.8.8,TCP,759,54321 → 443 [ACK] Seq=1 Ack=1
874,28.038211,192.168.1.4,13.107.42.14,TCP,316,54321 → 443 [ACK] Seq=1 Ack=1
875,28.040268,192.168.1.6,151.101.1.140,TLS,1229,Application Data
876,28.053851,192.168.1.8,192.168.1.1,DNS,223,Standard query 0x1234 A google.com
877,28.154545,192.168.1.17,192.168.1.1,TCP,1257,54321 → 443 [ACK] Seq=1 Ack=1
878,28.240597,192.168.1.6,151.101.1.140,TLS,472,Application Data
879,28.242795,192.168.1.18,13.107.42.14,TCP,318,54321 → 443 [ACK] Seq=1 Ack=1
880,28.262874,192.168.1.6,8.8.8.8,UDP,281,12345 → 53 Len=60
881,28.283895,192.168.1.11,8.8.8.8,TCP,1083,54321 → 443 [ACK] Seq=1 Ack=1
882,28.373048,192.168.1.18,151.101.1.140,TCP,167,54321 → 443 [ACK] Seq=1 Ack=1
883,28.374641,192.168.1.14,142.250.77.46,TCP,308,54321 → 443 [ACK] Seq=1 Ack=1
884,28.383436,192.168.1.15,192.168.1.1,HTTP,1261,GET /index.html HTTP/1.1
885,28.512157,192.168.1.8,142.250.77.46,TLS,413,Application Data
886,28.527892,192.168.1.13,8.8.8.8,DNS,137,Standard query 0x1234 A google.com
887,28.612507,192.168.1.6,13.107.42.14,TCP,391,54321 → 443 [ACK] Seq=1 Ack=1
888,28.634271,192.168.1.6,142.250.77.46,UDP,142,12345 → 53 Len=60
889,28.642651,192.168.1.14,8.8.8.8,TCP,714,54321 → 443 [ACK] Seq=1 Ack=1
890,28.66494,192.168.1.13,8.8.8.8,UDP,423,12345 → 53 Len=60
891,28.767428,192.168.1.1,192.168.1.1,DNS,117,Standard query 0x1234 A google.com
892,28.922295,192.168.1.20,13.107.42.14,UDP,237,12345 → 53 Len=60
893,29.064155,192.168.1.7,13.107.42.14,TCP,1116,54321 → 443 [ACK] Seq=1 Ack=1
894,29.104646,192.168.1.15,13.107.42.14,TLS,681,Application Data
895,29.192876,192.168.1.19,13.107.42.14,TCP,215,54321 → 443 [ACK] Seq=1 Ack=1
896,29.211228,192.168.1.14,151.101.1.140,TCP,567,54321 → 443 [ACK] Seq=1 Ack=1
897,29.238982,192.168.1.13,8.8.8.8,UDP,160,12345 → 53 Len=60
898,29.42031,192.168.1.1,192.168.1.1,TCP,1354,54321 → 443 [ACK] Seq=1 Ack=1
899,29.421357,192.168.1.7,13.107.42.14,UDP,342,12345 → 53 Len=60
900,29.428508,192.168.1.7,151.101.1.140,UDP,200,12345 → 53 Len=60
901,29.432004,192.168.1.9,8.8.8.8,ARP,30,Who has 192.168.1.1? Tell 192.168.1.5
902,29.432407,192.168.1.3,192.168.1.1,TCP,1334,54321 → 443 [ACK] Seq=1 Ack=1
903,29.43541,192.168.1.19,192.168.1.1,ARP,32,Who has 192.168.1.1? Tell 192.168.1.5
904,29.448532,192.168.1.4,8.8.8.8,DNS,217,Standard query 0x1234 A google.com
905,29.45674,192.168.1.18,142.250.77.46,TCP,1146,54321 → 443 [ACK] Seq=1 Ack=1
906,29.490218,192.168.1.6,192.168.1.1,UDP,107,12345 → 53 Len=60
907,29.515728,192.168.1.12,142.250.77.46,DNS,188,Standard query 0x1234 A google.com
908,29.522002,192.168.1.11,8.8.8.8,HTTP,545,GET /index.html HTTP/1.1
909,29.526507,192.168.1.7,13.107.42.14,TCP,1266,54321 → 443 [ACK] Seq=1 Ack=1
910,29.53367,192.168.1.15,8.8.8.8,DNS,208,Standard query 0x1234 A google.com
911,29.547055,192.168.1.4,151.101.1.140,UDP,138,12345 → 53 Len=60
912,29.551736,192.168.1.9,151.101.1.140,TLS,450,Application Data
913,29.566414,192.168.1.16,142.250.77.46,TCP,1403,54321 → 443 [ACK] Seq=1 Ack=1
914,29.574314,192.168.1.17,151.101.1.140,HTTP,1439,GET /index.html HTTP/1.1
915,29.58636,192.168.1.11,151.101.1.140,DNS,146,Standard query 0x1234 A google.com
916,29.594954,192.168.1.20,151.101.1.140,TCP,1208,54321 → 443 [ACK] Seq=1 Ack=1
917,29.600186,192.168.1.13,13.107.42.14,DNS,70,Standard query 0x1234 A google.com
918,29.644665,192.168.1.20,8.8.8.8,DNS,271,Standard query 0x1234 A google.com
919,29.666299,192.168.1.13,8.8.8.8,DNS,281,Standard query 0x1234 A google.com
920,29.668563,192.168.1.19,192.168.1.1,HTTP,258,GET /index.html HTTP/1.1
921,29.69899,192.168.1.4,8.8.8.8,DNS,80,Standard query 0x1234 A google.com
922,29.709015,192.168.1.12,8.8.8.8,TLS,193,Application Data
923,29.742758,192.168.1.12,13.107.42.14,DNS,224,Standard query 0x1234 A google.com
924,29.766889,192.168.1.15,8.8.8.8,TLS,1281,Application Data
925,29.775195,192.168.1.20,142.250.77.46,DNS,127,Standard query 0x1234 A google.com
926,29.775536,192.168.1.6,151.101.1.140,TCP,1387,54321 → 443 [ACK] Seq=1 Ack=1
927,29.78023,192.168.1.10,142.250.77.46,UDP,167,12345 → 53 Len=60
928,29.791931,192.168.1.20,151.101.1.140,UDP,452,12345 → 53 Len=60
929,29.806987,192.168.1.19,8.8.8.8,HTTP,1371,GET /index.html HTTP/1.1
930,29.81146,192.168.1.3,13.107.42.14,TCP,907,54321 → 443 [ACK] Seq=1 Ack=1
931,29.813712,192.168.1.5,8.8.8.8,TCP,1319,54321 → 443 [ACK] Seq=1 Ack=1
932,29.840732,192.168.1.11,13.107.42.14,HTTP,262,GET /index.html HTTP/1.1
933,29.903142,192.168.1.4,151.101.1.140,TCP,1073,54321 → 443 [ACK] Seq=1 Ack=1
934,29.91433,192.168.1.8,151.101.1.140,TCP,1338,54321 → 443 [ACK] Seq=1 Ack=1
935,29.917155,192.168.1.10,13.107.42.14,UDP,339,12345 → 53 Len=60
936,29.921924,192.168.1.4,192.168.1.1,ARP,32,Who has 192.168.1.1? Tell 192.168.1.5
937,29.922202,192.168.1.6,13.107.42.14,UDP,388,12345 → 53 Len=60
938,29.959055,192.168.1.12,151.101.1.140,TLS,718,Application Data
939,29.960935,192.168.1.5,142.250.77.46,TLS,1089,Application Data
940,29.973823,192.168.1.17,151.101.1.140,TCP,555,54321 → 443 [ACK] Seq=1 Ack=1
941,29.978627,192.168.1.13,13.107.42.14,TLS,931,Application Data
942,29.990745,192.168.1.14,151.101.1.140,UDP,212,12345 → 53 Len=60
943,30.006553,192.168.1.20,151.101.1.140,HTTP,1128,GET /index.html HTTP/1.1
944,30.03311,192.168.1.5,192.168.1.1,HTTP,349,GET /index.html HTTP/1.1
945,30.036578,192.168.1.19,192.168.1.1,TCP,176,54321 → 443 [ACK] Seq=1 Ack=1
946,30.036744,192.168.1.13,142.250.77.46,TCP,377,54321 → 443 [ACK] Seq=1 Ack=1
947,30.038952,192.168.1.14,13.107.42.14,ICMP,68,Echo (ping) request
948,30.073493,192.168.1.6,8.8.8.8,TCP,905,54321 → 443 [ACK] Seq=1 Ack=1
949,30.104552,192.168.1.16,13.107.42.14,ICMP,70,Echo (ping) request
950,30.1182,192.168.1.18,192.168.1.1,TLS,1051,Application Data
951,30.131964,192.168.1.6,151.101.1.140,HTTP,617,GET /index.html HTTP/1.1
952,30.14837,192.168.1.18,13.107.42.14,ARP,33,Who has 192.168.1.1? Tell 192.168.1.5
953,30.151262,192.168.1.6,142.250.77.46,ICMP,78,Echo (ping) request
954,30.188135,192.168.1.16,8.8.8.8,HTTP,494,GET /index.html HTTP/1.1
955,30.196274,192.168.1.10,8.8.8.8,TCP,694,54321 → 443 [ACK] Seq=1 Ack=1
956,30.203521,192.168.1.5,8.8.8.8,HTTP,853,GET /index.html HTTP/1.1
957,30.214497,192.168.1.6,13.107.42.14,TCP,761,54321 → 443 [ACK] Seq=1 Ack=1
958,30.215218,192.168.1.11,13.107.42.14,UDP,264,12345 → 53 Len=60
959,30.217946,192.168.1.15,192.168.1.1,UDP,126,12345 → 53 Len=60
960,30.238039,192.168.1.20,151.101.1.140,DNS,254,Standard query 0x1234 A google.com
961,30.239336,192.168.1.2,8.8.8.8,DNS,154,Standard query 0x1234 A google.com
962,30.253199,192.168.1.12,151.101.1.140,UDP,323,12345 → 53 Len=60
963,30.257421,192.168.1.1,192.168.1.1,TLS,1250,Application Data
964,30.264819,192.168.1.16,151.101.1.140,ICMP,46,Echo (ping) request
965,30.269928,192.168.1.5,13.107.42.14,TCP,707,54321 → 443 [ACK] Seq=1 Ack=1
966,30.276522,192.168.1.7,192.168.1.1,TCP,549,54321 → 443 [ACK] Seq=1 Ack=1
967,30.295565,192.168.1.13,142.250.77.46,TCP,1009,54321 → 443 [ACK] Seq=1 Ack=1
968,30.300854,192.168.1.18,8.8.8.8,TLS,350,Application Data
969,30.313388,192.168.1.17,192.168.1.1,UDP,196,12345 → 53 Len=60
970,30.323084,192.168.1.16,192.168.1.1,TLS,1020,Application Data
971,30.339429,192.168.1.14,192.168.1.1,TCP,561,54321 → 443 [ACK] Seq=1 Ack=1
972,30.380857,192.168.1.16,142.250.77.46,TCP,342,54321 → 443 [ACK] Seq=1 Ack=1
973,30.400641,192.168.1.14,151.101.1.140,TLS,298,Application Data
974,30.404271,192.168.1.15,13.107.42.14,TLS,203,Application Data
975,30.404746,192.168.1.16,8.8.8.8,TCP,648,54321 → 443 [ACK] Seq=1 Ack=1
976,30.409309,192.168.1.6,192.168.1.1,UDP,256,12345 → 53 Len=60
977,30.42287,192.168.1.3,192.168.1.1,TCP,1314,54321 → 443 [ACK] Seq=1 Ack=1
978,30.423662,192.168.1.19,8.8.8.8,ICMP,66,Echo (ping) request
979,30.43395,192.168.1.1,8.8.8.8,TCP,562,54321 → 443 [ACK] Seq=1 Ack=1
980,30.447577,192.168.1.8,151.101.1.140,UDP,503,12345 → 53 Len=60
981,30.453679,192.168.1.10,142.250.77.46,TCP,381,54321 → 443 [ACK] Seq=1 Ack=1
982,30.475784,192.168.1.2,192.168.1.1,TLS,770,Application Data
983,30.477475,192.168.1.9,192.168.1.1,TCP,1237,54321 → 443 [ACK] Seq=1 Ack=1
984,30.478646,192.168.1.8,142.250.77.46,UDP,429,12345 → 53 Len=60
985,30.498186,192.168.1.18,151.101.1.140,DNS,140,Standard query 0x1234 A google.com
986,30.508449,192.168.1.10,142.250.77.46,HTTP,588,GET /index.html HTTP/1.1
987,30.525939,192.168.1.6,142.250.77.46,ICMP,50,Echo (ping) request
988,30.534499,192.168.1.15,8.8.8.8,UDP,315,12345 → 53 Len=60
989,30.538742,192.168.1.19,13.107.42.14,HTTP,1254,GET /index.html HTTP/1.1
990,30.564389,192.168.1.16,13.107.42.14,TCP,1010,54321 → 443 [ACK] Seq=1 Ack=1
991,30.588487,192.168.1.18,192.168.1.1,UDP,315,12345 → 53 Len=60
992,30.606284,192.168.1.17,151.101.1.140,TCP,685,54321 → 443 [ACK] Seq=1 Ack=1
993,30.611049,192.168.1.4,13.107.42.14,UDP,314,12345 → 53 Len=60
994,30.624431,192.168.1.19,13.107.42.14,UDP,71,12345 → 53 Len=60
995,30.631148,192.168.1.4,192.168.1.1,ICMP,45,Echo (ping) request
996,30.632589,192.168.1.9,8.8.8.8,TCP,859,54321 → 443 [ACK] Seq=1 Ack=1
997,30.66998,192.168.1.18,8.8.8.8,TCP,1089,54321 → 443 [ACK] Seq=1 Ack=1
998,30.672186,192.168.1.12,151.101.1.140,UDP,294,12345 → 53 Len=60
999,30.717194,192.168.1.18,192.168.1.1,ICMP,55,Echo (ping) request
1000,30.726053,192.168.1.2,192.168.1.1,TLS,540,Application Data
